I,date,IXIC.Close,BAM
1,1/4/2010,2308.419922,6.34
2,1/5/2010,2308.709961,6.3
3,1/6/2010,2301.090088,6.17
4,1/7/2010,2300.050049,6.03
5,1/8/2010,2317.169922,6.02
6,1/11/2010,2312.409912,5.99
7,1/12/2010,2282.310059,6.07
8,1/13/2010,2307.899902,6.03
9,1/14/2010,2316.73999,6.04
10,1/15/2010,2287.98999,6.1
11,1/19/2010,2320.399902,6.11
12,1/20/2010,2291.25,6.16
13,1/21/2010,2265.699951,6.24
14,1/22/2010,2205.290039,6.36
15,1/25/2010,2210.800049,6.42
16,1/26/2010,2203.72998,6.44
17,1/27/2010,2221.409912,6.41
18,1/28/2010,2179,6.41
19,1/29/2010,2147.350098,6.46
20,2/1/2010,2171.199951,6.54
21,2/2/2010,2190.060059,6.54
22,2/3/2010,2190.909912,6.46
23,2/4/2010,2125.429932,6.59
24,2/5/2010,2141.120117,6.81
25,2/8/2010,2126.050049,6.85
26,2/9/2010,2150.870117,6.88
27,2/10/2010,2147.870117,6.93
28,2/11/2010,2177.409912,6.98
29,2/12/2010,2183.530029,7.03
30,2/16/2010,2214.189941,7.02
31,2/17/2010,2226.290039,6.8
32,2/18/2010,2241.709961,6.65
33,2/19/2010,2243.870117,6.56
34,2/22/2010,2242.030029,6.5
35,2/23/2010,2213.439941,6.6
36,2/24/2010,2235.899902,6.58
37,2/25/2010,2234.219971,6.65
38,2/26/2010,2238.26001,6.66
39,3/1/2010,2273.570068,6.66
40,3/2/2010,2280.790039,6.58
41,3/3/2010,2280.679932,6.54
42,3/4/2010,2292.310059,6.49
43,3/5/2010,2326.350098,6.37
44,3/8/2010,2332.209961,6.27
45,3/9/2010,2340.679932,6.23
46,3/10/2010,2358.949951,6.16
47,3/11/2010,2368.459961,6.15
48,3/12/2010,2367.659912,6.11
49,3/15/2010,2362.209961,6.12
50,3/16/2010,2378.01001,6.16
51,3/17/2010,2389.090088,6.11
52,3/18/2010,2391.280029,6.02
53,3/19/2010,2374.409912,5.98
54,3/22/2010,2395.399902,6.02
55,3/23/2010,2415.23999,6
56,3/24/2010,2398.76001,5.85
57,3/25/2010,2397.409912,5.78
58,3/26/2010,2395.129883,5.8
59,3/29/2010,2404.360107,5.79
60,3/30/2010,2410.689941,5.77
61,3/31/2010,2397.959961,5.84
62,4/1/2010,2402.580078,5.82
63,4/5/2010,2429.530029,5.65
64,4/6/2010,2436.810059,5.65
65,4/7/2010,2431.159912,5.72
66,4/8/2010,2436.810059,5.7
67,4/9/2010,2454.050049,5.68
68,4/12/2010,2457.870117,5.68
69,4/13/2010,2465.98999,5.66
70,4/14/2010,2504.860107,5.57
71,4/15/2010,2515.689941,5.52
72,4/16/2010,2481.26001,5.57
73,4/19/2010,2480.110107,5.59
74,4/20/2010,2500.310059,5.54
75,4/21/2010,2504.610107,5.55
76,4/22/2010,2519.070068,5.5
77,4/23/2010,2530.149902,5.44
78,4/26/2010,2522.949951,5.42
79,4/27/2010,2471.469971,5.55
80,4/28/2010,2471.72998,5.51
81,4/29/2010,2511.919922,5.54
82,4/30/2010,2461.189941,5.61
83,5/3/2010,2498.73999,5.57
84,5/4/2010,2424.25,5.68
85,5/5/2010,2402.290039,5.91
86,5/6/2010,2319.639893,6.26
87,5/7/2010,2265.639893,6.47
88,5/10/2010,2374.669922,6.25
89,5/11/2010,2375.310059,6.34
90,5/12/2010,2425.02002,6.18
91,5/13/2010,2394.360107,6.14
92,5/14/2010,2346.850098,6.33
93,5/17/2010,2354.22998,6.36
94,5/18/2010,2317.26001,6.46
95,5/19/2010,2298.370117,6.59
96,5/20/2010,2204.01001,6.92
97,5/21/2010,2229.040039,7.02
98,5/24/2010,2213.550049,6.97
99,5/25/2010,2210.949951,7.24
100,5/26/2010,2195.879883,7.07
101,5/27/2010,2277.679932,6.88
102,5/28/2010,2257.040039,6.9
103,6/1/2010,2222.330078,7.04
104,6/2/2010,2281.070068,7.04
105,6/3/2010,2303.030029,6.93
106,6/4/2010,2219.169922,7.14
107,6/7/2010,2173.899902,7.18
108,6/8/2010,2170.570068,7.27
109,6/9/2010,2158.850098,7.26
110,6/10/2010,2218.709961,7.19
111,6/11/2010,2243.600098,7.27
112,6/14/2010,2243.959961,7.16
113,6/15/2010,2305.879883,7.03
114,6/16/2010,2305.929932,6.97
115,6/17/2010,2307.159912,6.91
116,6/18/2010,2309.800049,6.82
117,6/21/2010,2289.090088,6.68
118,6/22/2010,2261.800049,6.75
119,6/23/2010,2254.22998,6.82
120,6/24/2010,2217.419922,6.89
121,6/25/2010,2223.47998,6.9
122,6/28/2010,2220.649902,6.93
123,6/29/2010,2135.179932,7.06
124,6/30/2010,2109.23999,7.13
125,7/1/2010,2101.360107,7.17
126,7/2/2010,2091.790039,7.13
127,7/6/2010,2093.879883,7.14
128,7/7/2010,2159.469971,7.1
129,7/8/2010,2175.399902,6.98
130,7/9/2010,2196.449951,6.88
131,7/12/2010,2198.360107,6.85
132,7/13/2010,2242.030029,6.7
133,7/14/2010,2249.840088,6.68
134,7/15/2010,2249.080078,6.73
135,7/16/2010,2179.050049,6.77
136,7/19/2010,2198.22998,6.77
137,7/20/2010,2222.48999,6.79
138,7/21/2010,2187.330078,6.75
139,7/22/2010,2245.889893,6.67
140,7/23/2010,2269.469971,6.59
141,7/26/2010,2296.429932,6.54
142,7/27/2010,2288.25,6.43
143,7/28/2010,2264.560059,6.47
144,7/29/2010,2251.689941,6.48
145,7/30/2010,2254.699951,6.57
146,8/2/2010,2295.360107,6.54
147,8/3/2010,2283.52002,6.55
148,8/4/2010,2303.570068,6.49
149,8/5/2010,2293.060059,6.51
150,8/6/2010,2288.469971,6.57
151,8/9/2010,2305.689941,6.54
152,8/10/2010,2277.169922,6.6
153,8/11/2010,2208.629883,6.78
154,8/12/2010,2190.27002,6.83
155,8/13/2010,2173.47998,6.87
156,8/16/2010,2181.870117,6.91
157,8/17/2010,2209.439941,6.82
158,8/18/2010,2215.699951,6.78
159,8/19/2010,2178.949951,6.82
160,8/20/2010,2179.76001,6.8
161,8/23/2010,2159.629883,6.82
162,8/24/2010,2123.76001,6.93
163,8/25/2010,2141.540039,6.92
164,8/26/2010,2118.689941,6.93
165,8/27/2010,2153.629883,6.81
166,8/30/2010,2119.969971,6.89
167,8/31/2010,2114.030029,6.92
168,9/1/2010,2176.840088,6.8
169,9/2/2010,2200.01001,6.72
170,9/3/2010,2233.75,6.62
171,9/7/2010,2208.889893,6.68
172,9/8/2010,2228.870117,6.59
173,9/9/2010,2236.199951,6.47
174,9/10/2010,2242.47998,6.37
175,9/13/2010,2285.709961,6.36
176,9/14/2010,2289.77002,6.36
177,9/15/2010,2301.320068,6.31
178,9/16/2010,2303.25,6.25
179,9/17/2010,2315.610107,6.24
180,9/20/2010,2355.830078,6.25
181,9/21/2010,2349.350098,6.32
182,9/22/2010,2334.550049,6.35
183,9/23/2010,2327.080078,6.37
184,9/24/2010,2381.219971,6.32
185,9/27/2010,2369.77002,6.36
186,9/28/2010,2379.590088,6.36
187,9/29/2010,2376.560059,6.29
188,9/30/2010,2368.620117,6.26
189,10/1/2010,2370.75,6.22
190,10/4/2010,2344.52002,6.23
191,10/5/2010,2399.830078,6.18
192,10/6/2010,2380.659912,6.15
193,10/7/2010,2383.669922,6.13
194,10/8/2010,2401.909912,6.12
195,10/11/2010,2402.330078,6.11
196,10/12/2010,2417.919922,6.08
197,10/13/2010,2441.22998,6.02
198,10/14/2010,2435.379883,5.97
199,10/15/2010,2468.77002,5.95
200,10/18/2010,2480.659912,6.02
201,10/19/2010,2436.949951,6.04
202,10/20/2010,2457.389893,6.06
203,10/21/2010,2459.669922,6
204,10/22/2010,2479.389893,5.96
205,10/25/2010,2490.850098,5.9
206,10/26/2010,2497.290039,5.79
207,10/27/2010,2503.26001,5.73
208,10/28/2010,2507.370117,5.77
209,10/29/2010,2507.409912,5.82
210,11/1/2010,2504.840088,5.96
211,11/2/2010,2533.52002,5.94
212,11/3/2010,2540.27002,5.92
213,11/4/2010,2577.340088,5.89
214,11/5/2010,2578.97998,5.79
215,11/8/2010,2580.050049,5.76
216,11/9/2010,2562.97998,5.64
217,11/10/2010,2578.780029,5.75
218,11/11/2010,2555.52002,5.75
219,11/12/2010,2518.209961,5.75
220,11/15/2010,2513.820068,5.67
221,11/16/2010,2469.840088,5.89
222,11/17/2010,2476.01001,5.89
223,11/18/2010,2514.399902,5.8
224,11/19/2010,2518.120117,5.81
225,11/22/2010,2532.02002,5.9
226,11/23/2010,2494.949951,6.04
227,11/24/2010,2543.120117,5.93
228,11/26/2010,2534.560059,5.94
229,11/29/2010,2525.219971,6.03
230,11/30/2010,2498.22998,6.22
231,12/1/2010,2549.429932,6.02
232,12/2/2010,2579.350098,5.93
233,12/3/2010,2591.459961,5.92
234,12/6/2010,2594.919922,5.95
235,12/7/2010,2598.48999,5.69
236,12/8/2010,2609.159912,5.62
237,12/9/2010,2616.669922,5.6
238,12/10/2010,2637.540039,5.54
239,12/13/2010,2624.909912,5.58
240,12/14/2010,2627.719971,5.42
241,12/15/2010,2617.219971,5.4
242,12/16/2010,2637.310059,5.45
243,12/17/2010,2642.969971,5.54
244,12/20/2010,2649.560059,5.52
245,12/21/2010,2667.610107,5.5
246,12/22/2010,2671.47998,5.45
247,12/23/2010,2665.600098,5.37
248,12/27/2010,2667.27002,5.4
249,12/28/2010,2662.879883,5.28
250,12/29/2010,2666.929932,5.4
251,12/30/2010,2662.97998,5.32
252,12/31/2010,2652.870117,5.41
253,1/3/2011,2691.52002,5.32
254,1/4/2011,2681.25,5.27
255,1/5/2011,2702.199951,5.11
256,1/6/2011,2709.889893,5.13
257,1/7/2011,2703.169922,5.23
258,1/10/2011,2707.800049,5.28
259,1/11/2011,2716.830078,5.22
260,1/12/2011,2737.330078,5.17
261,1/13/2011,2735.290039,5.18
262,1/14/2011,2755.300049,5.12
263,1/18/2011,2765.850098,5.1
264,1/19/2011,2725.360107,5.11
265,1/20/2011,2704.290039,5.03
266,1/21/2011,2689.540039,5.05
267,1/24/2011,2717.550049,5.03
268,1/25/2011,2719.25,5.06
269,1/26/2011,2739.5,4.98
270,1/27/2011,2755.280029,4.99
271,1/28/2011,2686.889893,5.03
272,1/31/2011,2700.080078,5.08
273,2/1/2011,2751.189941,4.99
274,2/2/2011,2749.560059,4.89
275,2/3/2011,2753.879883,4.83
276,2/4/2011,2769.300049,4.68
277,2/7/2011,2783.98999,4.64
278,2/8/2011,2797.050049,4.53
279,2/9/2011,2789.070068,4.6
280,2/10/2011,2790.449951,4.55
281,2/11/2011,2809.439941,4.59
282,2/14/2011,2817.179932,4.58
283,2/15/2011,2804.350098,4.57
284,2/16/2011,2825.560059,4.54
285,2/17/2011,2831.580078,4.56
286,2/18/2011,2833.949951,4.53
287,2/22/2011,2756.419922,4.66
288,2/23/2011,2722.98999,4.66
289,2/24/2011,2737.899902,4.73
290,2/25/2011,2781.050049,4.72
291,2/28/2011,2782.27002,4.78
292,3/1/2011,2737.409912,4.76
293,3/2/2011,2748.070068,4.72
294,3/3/2011,2798.73999,4.6
295,3/4/2011,2784.669922,4.69
296,3/7/2011,2745.629883,4.69
297,3/8/2011,2765.77002,4.64
298,3/9/2011,2751.719971,4.71
299,3/10/2011,2701.02002,4.85
300,3/11/2011,2715.610107,4.88
301,3/14/2011,2700.969971,4.93
302,3/15/2011,2667.330078,5.09
303,3/16/2011,2616.820068,5.16
304,3/17/2011,2636.050049,5.1
305,3/18/2011,2643.669922,5.02
306,3/21/2011,2692.090088,4.93
307,3/22/2011,2683.870117,4.91
308,3/23/2011,2698.300049,4.91
309,3/24/2011,2736.419922,4.84
310,3/25/2011,2743.060059,4.79
311,3/28/2011,2730.679932,4.76
312,3/29/2011,2756.889893,4.73
313,3/30/2011,2776.790039,4.76
314,3/31/2011,2781.070068,4.77
315,4/1/2011,2789.600098,4.72
316,4/4/2011,2789.189941,4.72
317,4/5/2011,2791.189941,4.65
318,4/6/2011,2799.820068,4.57
319,4/7/2011,2796.139893,4.56
320,4/8/2011,2780.419922,4.53
321,4/11/2011,2771.51001,4.53
322,4/12/2011,2744.790039,4.63
323,4/13/2011,2761.52002,4.65
324,4/14/2011,2760.219971,4.6
325,4/15/2011,2764.649902,4.68
326,4/18/2011,2735.379883,4.74
327,4/19/2011,2744.969971,4.75
328,4/20/2011,2802.51001,4.66
329,4/21/2011,2820.159912,4.65
330,4/25/2011,2825.879883,4.69
331,4/26/2011,2847.540039,4.71
332,4/27/2011,2869.879883,4.67
333,4/28/2011,2872.530029,4.73
334,4/29/2011,2873.540039,4.71
335,5/2/2011,2864.080078,4.74
336,5/3/2011,2841.620117,4.76
337,5/4/2011,2828.22998,4.76
338,5/5/2011,2814.719971,4.8
339,5/6/2011,2827.560059,4.81
340,5/9/2011,2843.25,4.82
341,5/10/2011,2871.889893,4.76
342,5/11/2011,2845.060059,4.79
343,5/12/2011,2863.040039,4.77
344,5/13/2011,2828.469971,4.8
345,5/16/2011,2782.310059,4.79
346,5/17/2011,2783.209961,4.82
347,5/18/2011,2815,4.79
348,5/19/2011,2823.310059,4.8
349,5/20/2011,2803.320068,4.82
350,5/23/2011,2758.899902,4.87
351,5/24/2011,2746.159912,4.89
352,5/25/2011,2761.379883,4.92
353,5/26/2011,2782.919922,5.01
354,5/27/2011,2796.860107,5.01
355,5/31/2011,2835.300049,5.09
356,6/1/2011,2769.189941,5.15
357,6/2/2011,2773.310059,5.15
358,6/3/2011,2732.780029,5.24
359,6/6/2011,2702.560059,5.25
360,6/7/2011,2701.560059,5.28
361,6/8/2011,2675.379883,5.38
362,6/9/2011,2684.870117,5.38
363,6/10/2011,2643.72998,5.43
364,6/13/2011,2639.689941,5.47
365,6/14/2011,2678.719971,5.37
366,6/15/2011,2631.459961,5.52
367,6/16/2011,2623.699951,5.65
368,6/17/2011,2616.47998,5.64
369,6/20/2011,2629.659912,5.67
370,6/21/2011,2687.26001,5.65
371,6/22/2011,2669.189941,5.62
372,6/23/2011,2686.75,5.75
373,6/24/2011,2652.889893,5.8
374,6/27/2011,2688.280029,5.78
375,6/28/2011,2729.310059,5.65
376,6/29/2011,2740.48999,5.53
377,6/30/2011,2773.52002,5.42
378,7/1/2011,2816.030029,5.34
379,7/5/2011,2825.77002,5.37
380,7/6/2011,2834.02002,5.41
381,7/7/2011,2872.659912,5.27
382,7/8/2011,2859.810059,5.39
383,7/11/2011,2802.620117,5.56
384,7/12/2011,2781.909912,5.6
385,7/13/2011,2796.919922,5.57
386,7/14/2011,2762.669922,5.49
387,7/15/2011,2789.800049,5.51
388,7/18/2011,2765.110107,5.54
389,7/19/2011,2826.52002,5.54
390,7/20/2011,2814.22998,5.46
391,7/21/2011,2834.429932,5.36
392,7/22/2011,2858.830078,5.35
393,7/25/2011,2842.800049,5.33
394,7/26/2011,2839.959961,5.35
395,7/27/2011,2764.790039,5.32
396,7/28/2011,2766.25,5.37
397,7/29/2011,2756.379883,5.51
398,8/1/2011,2744.610107,5.63
399,8/2/2011,2669.23999,5.8
400,8/3/2011,2693.070068,5.87
401,8/4/2011,2556.389893,6.16
402,8/5/2011,2532.409912,6.24
403,8/8/2011,2357.689941,6.84
404,8/9/2011,2482.52002,7.19
405,8/10/2011,2381.050049,7.3
406,8/11/2011,2492.679932,7.39
407,8/12/2011,2507.97998,7.3
408,8/15/2011,2555.199951,7.1
409,8/16/2011,2523.449951,7.11
410,8/17/2011,2511.47998,7.08
411,8/18/2011,2380.429932,7.23
412,8/19/2011,2341.840088,7.3
413,8/22/2011,2345.379883,7.32
414,8/23/2011,2446.060059,7.46
415,8/24/2011,2467.689941,7.45
416,8/25/2011,2419.629883,7.43
417,8/26/2011,2479.850098,7.5
418,8/29/2011,2562.110107,7.39
419,8/30/2011,2576.110107,7.39
420,8/31/2011,2579.459961,7.3
421,9/1/2011,2546.040039,7.26
422,9/2/2011,2480.330078,7.33
423,9/6/2011,2473.830078,7.54
424,9/7/2011,2548.939941,7.41
425,9/8/2011,2529.139893,7.42
426,9/9/2011,2467.98999,7.51
427,9/12/2011,2495.090088,7.64
428,9/13/2011,2532.149902,7.62
429,9/14/2011,2572.550049,7.55
430,9/15/2011,2607.070068,7.49
431,9/16/2011,2622.310059,7.46
432,9/19/2011,2612.830078,7.61
433,9/20/2011,2590.23999,7.59
434,9/21/2011,2538.189941,7.61
435,9/22/2011,2455.669922,7.95
436,9/23/2011,2483.22998,8.01
437,9/26/2011,2516.689941,8
438,9/27/2011,2546.830078,7.92
439,9/28/2011,2491.580078,8.03
440,9/29/2011,2480.76001,8.16
441,9/30/2011,2415.399902,8.41
442,10/3/2011,2335.830078,8.72
443,10/4/2011,2404.820068,9.1
444,10/5/2011,2460.51001,8.98
445,10/6/2011,2506.820068,8.72
446,10/7/2011,2479.350098,8.55
447,10/10/2011,2566.050049,8.56
448,10/11/2011,2583.030029,8.34
449,10/12/2011,2604.72998,8.07
450,10/13/2011,2620.23999,8.05
451,10/14/2011,2667.850098,7.89
452,10/17/2011,2614.919922,7.88
453,10/18/2011,2657.429932,7.87
454,10/19/2011,2604.040039,7.7
455,10/20/2011,2598.620117,7.64
456,10/21/2011,2637.459961,7.46
457,10/24/2011,2699.439941,7.31
458,10/25/2011,2638.419922,7.29
459,10/26/2011,2650.669922,7.2
460,10/27/2011,2738.629883,6.83
461,10/28/2011,2737.149902,6.85
462,10/31/2011,2684.409912,7.07
463,11/1/2011,2606.959961,7.42
464,11/2/2011,2639.97998,7.35
465,11/3/2011,2697.969971,7.25
466,11/4/2011,2686.149902,7.26
467,11/7/2011,2695.25,7.29
468,11/8/2011,2727.48999,7.23
469,11/9/2011,2621.649902,7.48
470,11/10/2011,2625.149902,7.46
471,11/11/2011,2678.75,7.46
472,11/14/2011,2657.219971,7.44
473,11/15/2011,2686.199951,7.49
474,11/16/2011,2639.610107,7.54
475,11/17/2011,2587.98999,7.62
476,11/18/2011,2572.5,7.61
477,11/21/2011,2523.139893,7.79
478,11/22/2011,2521.280029,7.9
479,11/23/2011,2460.080078,8.03
480,11/25/2011,2441.51001,8
481,11/28/2011,2527.340088,7.95
482,11/29/2011,2515.51001,7.95
483,11/30/2011,2620.340088,7.79
484,12/1/2011,2626.199951,7.69
485,12/2/2011,2626.929932,7.65
486,12/5/2011,2655.76001,7.56
487,12/6/2011,2649.560059,7.5
488,12/7/2011,2649.209961,7.54
489,12/8/2011,2596.379883,7.56
490,12/9/2011,2646.850098,7.53
491,12/12/2011,2612.26001,7.6
492,12/13/2011,2579.27002,7.6
493,12/14/2011,2539.310059,7.63
494,12/15/2011,2541.01001,7.62
495,12/16/2011,2555.330078,7.65
496,12/19/2011,2523.139893,7.65
497,12/20/2011,2603.72998,7.54
498,12/21/2011,2577.969971,7.49
499,12/22/2011,2599.449951,7.45
500,12/23/2011,2618.639893,7.37
501,12/27/2011,2625.199951,7.37
502,12/28/2011,2589.97998,7.4
503,12/29/2011,2613.73999,7.36
504,12/30/2011,2605.149902,7.38
505,1/3/2012,2648.719971,7.06
506,1/4/2012,2648.360107,7
507,1/5/2012,2669.860107,7
508,1/6/2012,2674.219971,7
509,1/9/2012,2676.560059,6.99
510,1/10/2012,2702.5,6.92
511,1/11/2012,2710.76001,6.98
512,1/12/2012,2724.699951,6.93
513,1/13/2012,2710.669922,7.02
514,1/17/2012,2728.080078,6.99
515,1/18/2012,2769.709961,6.93
516,1/19/2012,2788.330078,6.77
517,1/20/2012,2786.699951,6.69
518,1/23/2012,2784.169922,6.62
519,1/24/2012,2786.639893,6.62
520,1/25/2012,2818.310059,6.63
521,1/26/2012,2805.280029,6.58
522,1/27/2012,2816.550049,6.57
523,1/30/2012,2811.939941,6.65
524,1/31/2012,2813.840088,6.61
525,2/1/2012,2848.27002,6.54
526,2/2/2012,2859.679932,6.55
527,2/3/2012,2905.659912,6.42
528,2/6/2012,2901.98999,6.44
529,2/7/2012,2904.080078,6.36
530,2/8/2012,2915.860107,6.29
531,2/9/2012,2927.22998,6.26
532,2/10/2012,2903.879883,6.35
533,2/13/2012,2931.389893,6.27
534,2/14/2012,2931.830078,6.27
535,2/15/2012,2915.830078,6.27
536,2/16/2012,2959.850098,6.26
537,2/17/2012,2951.780029,6.2
538,2/21/2012,2948.570068,6.14
539,2/22/2012,2933.169922,6.15
540,2/23/2012,2956.97998,6.11
541,2/24/2012,2963.75,6.01
542,2/27/2012,2966.159912,6.05
543,2/28/2012,2986.76001,6.01
544,2/29/2012,2966.889893,5.98
545,3/1/2012,2988.969971,5.94
546,3/2/2012,2976.189941,5.97
547,3/5/2012,2950.47998,6.01
548,3/6/2012,2910.320068,6.25
549,3/7/2012,2935.689941,6.18
550,3/8/2012,2970.419922,6.11
551,3/9/2012,2988.340088,6.09
552,3/12/2012,2983.659912,6.06
553,3/13/2012,3039.879883,5.97
554,3/14/2012,3040.72998,5.83
555,3/15/2012,3056.370117,5.87
556,3/16/2012,3055.26001,5.86
557,3/19/2012,3078.320068,5.79
558,3/20/2012,3074.149902,5.8
559,3/21/2012,3075.320068,5.85
560,3/22/2012,3063.320068,5.91
561,3/23/2012,3067.919922,5.93
562,3/26/2012,3122.570068,5.91
563,3/27/2012,3120.350098,5.93
564,3/28/2012,3104.959961,5.93
565,3/29/2012,3095.360107,6.02
566,3/30/2012,3091.570068,5.95
567,4/2/2012,3119.699951,5.99
568,4/3/2012,3113.570068,5.91
569,4/4/2012,3068.090088,5.99
570,4/5/2012,3080.5,6.05
571,4/9/2012,3047.080078,6.24
572,4/10/2012,2991.219971,6.32
573,4/11/2012,3016.459961,6.3
574,4/12/2012,3055.550049,6.24
575,4/13/2012,3011.330078,6.26
576,4/16/2012,2988.399902,6.23
577,4/17/2012,3042.820068,6.16
578,4/18/2012,3031.449951,6.16
579,4/19/2012,3007.560059,6.17
580,4/20/2012,3000.449951,6.14
581,4/23/2012,2970.449951,6.2
582,4/24/2012,2961.600098,6.14
583,4/25/2012,3029.629883,6.05
584,4/26/2012,3050.610107,6.06
585,4/27/2012,3069.199951,6.02
586,4/30/2012,3046.360107,6.04
587,5/1/2012,3050.439941,5.96
588,5/2/2012,3059.850098,5.96
589,5/3/2012,3024.300049,5.92
590,5/4/2012,2956.340088,5.94
591,5/7/2012,2957.76001,5.95
592,5/8/2012,2946.27002,6
593,5/9/2012,2934.709961,6.04
594,5/10/2012,2933.639893,6
595,5/11/2012,2933.820068,6.02
596,5/14/2012,2902.580078,6.11
597,5/15/2012,2893.76001,6.15
598,5/16/2012,2874.040039,6.22
599,5/17/2012,2813.689941,6.44
600,5/18/2012,2778.790039,6.52
601,5/21/2012,2847.209961,6.63
602,5/22/2012,2839.080078,6.55
603,5/23/2012,2850.120117,6.66
604,5/24/2012,2839.379883,6.62
605,5/25/2012,2837.530029,6.63
606,5/29/2012,2870.98999,6.59
607,5/30/2012,2837.360107,6.71
608,5/31/2012,2827.340088,6.96
609,6/1/2012,2747.47998,7.16
610,6/4/2012,2760.01001,7.17
611,6/5/2012,2778.110107,7.23
612,6/6/2012,2844.719971,7.06
613,6/7/2012,2831.02002,6.95
614,6/8/2012,2858.419922,6.95
615,6/11/2012,2809.72998,6.9
616,6/12/2012,2843.070068,6.9
617,6/13/2012,2818.610107,6.91
618,6/14/2012,2836.330078,6.85
619,6/15/2012,2872.800049,6.84
620,6/18/2012,2895.330078,6.81
621,6/19/2012,2929.76001,6.65
622,6/20/2012,2930.449951,6.54
623,6/21/2012,2859.090088,6.52
624,6/22/2012,2892.419922,6.52
625,6/25/2012,2836.159912,6.6
626,6/26/2012,2854.060059,6.57
627,6/27/2012,2875.320068,6.52
628,6/28/2012,2849.48999,6.52
629,6/29/2012,2935.050049,6.36
630,7/2/2012,2951.22998,6.45
631,7/3/2012,2976.080078,6.39
632,7/5/2012,2976.120117,6.4
633,7/6/2012,2937.330078,6.44
634,7/9/2012,2931.77002,6.44
635,7/10/2012,2902.330078,6.4
636,7/11/2012,2887.97998,6.37
637,7/12/2012,2866.189941,6.41
638,7/13/2012,2908.469971,6.41
639,7/16/2012,2896.939941,6.39
640,7/17/2012,2910.040039,6.36
641,7/18/2012,2942.600098,6.33
642,7/19/2012,2965.899902,6.25
643,7/20/2012,2925.300049,6.28
644,7/23/2012,2890.149902,6.38
645,7/24/2012,2862.98999,6.4
646,7/25/2012,2854.23999,6.4
647,7/26/2012,2893.25,6.35
648,7/27/2012,2958.090088,6.22
649,7/30/2012,2945.840088,6.2
650,7/31/2012,2939.52002,6.16
651,8/1/2012,2920.209961,6.1
652,8/2/2012,2909.77002,6.13
653,8/3/2012,2967.899902,6.01
654,8/6/2012,2989.909912,6
655,8/7/2012,3015.860107,5.91
656,8/8/2012,3011.25,5.89
657,8/9/2012,3018.639893,5.91
658,8/10/2012,3020.860107,5.98
659,8/13/2012,3022.52002,5.96
660,8/14/2012,3016.97998,5.92
661,8/15/2012,3030.929932,5.88
662,8/16/2012,3062.389893,5.89
663,8/17/2012,3076.590088,5.89
664,8/20/2012,3076.209961,5.86
665,8/21/2012,3067.26001,5.83
666,8/22/2012,3073.669922,5.88
667,8/23/2012,3053.399902,5.89
668,8/24/2012,3069.790039,5.87
669,8/27/2012,3073.189941,5.87
670,8/28/2012,3077.139893,5.88
671,8/29/2012,3081.189941,5.84
672,8/30/2012,3048.709961,5.86
673,8/31/2012,3066.959961,5.98
674,9/4/2012,3075.060059,5.94
675,9/5/2012,3069.27002,5.91
676,9/6/2012,3135.810059,5.8
677,9/7/2012,3136.419922,5.74
678,9/10/2012,3104.02002,5.68
679,9/11/2012,3104.530029,5.64
680,9/12/2012,3114.310059,5.51
681,9/13/2012,3155.830078,5.5
682,9/14/2012,3183.949951,5.3
683,9/17/2012,3178.669922,5.32
684,9/18/2012,3177.800049,5.33
685,9/19/2012,3182.620117,5.34
686,9/20/2012,3175.959961,5.38
687,9/21/2012,3179.959961,5.42
688,9/24/2012,3160.780029,5.5
689,9/25/2012,3117.72998,5.56
690,9/26/2012,3093.699951,5.8
691,9/27/2012,3136.600098,5.73
692,9/28/2012,3116.22998,5.72
693,10/1/2012,3113.530029,5.71
694,10/2/2012,3120.040039,5.72
695,10/3/2012,3135.22998,5.68
696,10/4/2012,3149.459961,5.62
697,10/5/2012,3136.189941,5.55
698,10/8/2012,3112.350098,5.54
699,10/9/2012,3065.02002,5.56
700,10/10/2012,3051.780029,5.61
701,10/11/2012,3049.409912,5.57
702,10/12/2012,3044.110107,5.56
703,10/15/2012,3064.179932,5.48
704,10/16/2012,3101.169922,5.4
705,10/17/2012,3104.120117,5.27
706,10/18/2012,3072.870117,5.24
707,10/19/2012,3005.620117,5.31
708,10/22/2012,3016.959961,5.28
709,10/23/2012,2990.459961,5.41
710,10/24/2012,2981.699951,5.39
711,10/25/2012,2986.120117,5.33
712,10/26/2012,2987.949951,5.41
713,10/31/2012,2977.22998,5.63
714,11/1/2012,3020.060059,5.57
715,11/2/2012,2982.129883,5.54
716,11/5/2012,2999.659912,5.57
717,11/6/2012,3011.929932,5.49
718,11/7/2012,2937.290039,5.63
719,11/8/2012,2895.580078,5.67
720,11/9/2012,2904.870117,5.77
721,11/12/2012,2904.25,5.77
722,11/13/2012,2883.889893,5.82
723,11/14/2012,2846.810059,5.84
724,11/15/2012,2836.939941,5.94
725,11/16/2012,2853.129883,5.98
726,11/19/2012,2916.070068,5.85
727,11/20/2012,2916.679932,5.79
728,11/21/2012,2926.550049,5.72
729,11/23/2012,2966.850098,5.71
730,11/26/2012,2976.780029,5.68
731,11/27/2012,2967.790039,5.65
732,11/28/2012,2991.780029,5.66
733,11/29/2012,3012.030029,5.58
734,11/30/2012,3010.23999,5.65
735,12/3/2012,3002.199951,5.6
736,12/4/2012,2996.689941,5.58
737,12/5/2012,2973.699951,5.51
738,12/6/2012,2989.27002,5.48
739,12/7/2012,2978.040039,5.42
740,12/10/2012,2986.959961,5.41
741,12/11/2012,3022.300049,5.35
742,12/12/2012,3013.810059,5.29
743,12/13/2012,2992.159912,5.27
744,12/14/2012,2971.330078,5.28
745,12/17/2012,3010.600098,5.31
746,12/18/2012,3054.530029,5.19
747,12/19/2012,3044.360107,5.19
748,12/20/2012,3050.389893,5.19
749,12/21/2012,3021.01001,5.26
750,12/24/2012,3012.600098,5.24
751,12/26/2012,2990.159912,5.24
752,12/27/2012,2985.909912,5.28
753,12/28/2012,2960.310059,5.3
754,12/31/2012,3019.51001,5.34
755,1/2/2013,3112.26001,5.16
756,1/3/2013,3100.570068,5.06
757,1/4/2013,3101.659912,5.04
758,1/7/2013,3098.810059,5.02
759,1/8/2013,3091.810059,5.02
760,1/9/2013,3105.810059,4.99
761,1/10/2013,3121.76001,4.94
762,1/11/2013,3125.629883,4.93
763,1/14/2013,3117.5,4.91
764,1/15/2013,3110.780029,4.96
765,1/16/2013,3117.540039,4.95
766,1/17/2013,3136,4.88
767,1/18/2013,3134.709961,4.89
768,1/22/2013,3143.179932,4.88
769,1/23/2013,3153.669922,4.85
770,1/24/2013,3130.379883,4.82
771,1/25/2013,3149.709961,4.73
772,1/28/2013,3154.300049,4.72
773,1/29/2013,3153.659912,4.78
774,1/30/2013,3142.310059,4.84
775,1/31/2013,3142.129883,4.95
776,2/1/2013,3179.100098,4.94
777,2/4/2013,3131.169922,5.01
778,2/5/2013,3171.580078,5.01
779,2/6/2013,3168.47998,5.04
780,2/7/2013,3165.129883,5.08
781,2/8/2013,3193.870117,5.08
782,2/11/2013,3192,5.06
783,2/12/2013,3186.48999,5.04
784,2/13/2013,3196.879883,4.97
785,2/14/2013,3198.659912,4.97
786,2/15/2013,3192.030029,4.96
787,2/19/2013,3213.590088,4.92
788,2/20/2013,3164.409912,4.92
789,2/21/2013,3131.48999,4.99
790,2/22/2013,3161.820068,4.97
791,2/25/2013,3116.25,4.97
792,2/26/2013,3129.649902,5.02
793,2/27/2013,3162.26001,4.98
794,2/28/2013,3160.189941,4.98
795,3/1/2013,3169.73999,5
796,3/4/2013,3182.030029,4.98
797,3/5/2013,3224.129883,4.92
798,3/6/2013,3222.370117,4.88
799,3/7/2013,3232.090088,4.81
800,3/8/2013,3244.370117,4.76
801,3/11/2013,3252.870117,4.75
802,3/12/2013,3242.320068,4.76
803,3/13/2013,3245.120117,4.75
804,3/14/2013,3258.929932,4.71
805,3/15/2013,3249.070068,4.72
806,3/18/2013,3237.590088,4.77
807,3/19/2013,3229.100098,4.78
808,3/20/2013,3254.189941,4.76
809,3/21/2013,3222.600098,4.76
810,3/22/2013,3245,4.78
811,3/25/2013,3235.300049,4.75
812,3/26/2013,3252.47998,4.78
813,3/27/2013,3256.52002,4.81
814,3/28/2013,3267.52002,4.8
815,4/1/2013,3239.169922,4.87
816,4/2/2013,3254.860107,4.84
817,4/3/2013,3218.600098,4.87
818,4/4/2013,3224.97998,4.89
819,4/5/2013,3203.860107,4.95
820,4/8/2013,3222.25,4.9
821,4/9/2013,3237.860107,4.87
822,4/10/2013,3297.25,4.78
823,4/11/2013,3300.159912,4.73
824,4/12/2013,3294.949951,4.75
825,4/15/2013,3216.48999,4.79
826,4/16/2013,3264.629883,4.78
827,4/17/2013,3204.669922,4.8
828,4/18/2013,3166.360107,4.8
829,4/19/2013,3206.060059,4.78
830,4/22/2013,3233.550049,4.75
831,4/23/2013,3269.330078,4.71
832,4/24/2013,3269.649902,4.66
833,4/25/2013,3289.98999,4.61
834,4/26/2013,3279.26001,4.6
835,4/29/2013,3307.02002,4.53
836,4/30/2013,3328.790039,4.55
837,5/1/2013,3299.129883,4.5
838,5/2/2013,3340.620117,4.45
839,5/3/2013,3378.629883,4.33
840,5/6/2013,3392.969971,4.3
841,5/7/2013,3396.629883,4.24
842,5/8/2013,3413.27002,4.24
843,5/9/2013,3409.169922,4.23
844,5/10/2013,3436.580078,4.23
845,5/13/2013,3438.790039,4.35
846,5/14/2013,3462.610107,4.35
847,5/15/2013,3471.620117,4.36
848,5/16/2013,3465.23999,4.42
849,5/17/2013,3498.969971,4.37
850,5/20/2013,3496.429932,4.34
851,5/21/2013,3502.120117,4.35
852,5/22/2013,3463.300049,4.27
853,5/23/2013,3459.419922,4.42
854,5/24/2013,3459.139893,4.45
855,5/28/2013,3488.889893,4.35
856,5/29/2013,3467.52002,4.55
857,5/30/2013,3491.300049,4.54
858,5/31/2013,3455.909912,4.62
859,6/3/2013,3465.370117,4.76
860,6/4/2013,3445.26001,4.79
861,6/5/2013,3401.47998,5.03
862,6/6/2013,3424.050049,5.08
863,6/7/2013,3469.219971,4.89
864,6/10/2013,3473.77002,4.86
865,6/11/2013,3436.949951,5.08
866,6/12/2013,3400.429932,5.02
867,6/13/2013,3445.360107,5.11
868,6/14/2013,3423.560059,5.04
869,6/17/2013,3452.129883,4.97
870,6/18/2013,3482.179932,4.96
871,6/19/2013,3443.199951,4.85
872,6/20/2013,3364.639893,5.12
873,6/21/2013,3357.25,5.09
874,6/24/2013,3320.76001,5.34
875,6/25/2013,3347.889893,5.34
876,6/26/2013,3376.219971,5.29
877,6/27/2013,3401.860107,5.23
878,6/28/2013,3403.25,5.16
879,7/1/2013,3434.48999,5.17
880,7/2/2013,3433.399902,5.15
881,7/3/2013,3443.669922,5.15
882,7/5/2013,3479.379883,5.04
883,7/8/2013,3484.830078,5.11
884,7/9/2013,3504.26001,5.04
885,7/10/2013,3520.76001,4.98
886,7/11/2013,3578.300049,4.9
887,7/12/2013,3600.080078,4.8
888,7/15/2013,3607.48999,4.77
889,7/16/2013,3598.5,4.72
890,7/17/2013,3610,4.68
891,7/18/2013,3611.280029,4.57
892,7/19/2013,3587.610107,4.56
893,7/22/2013,3600.389893,4.53
894,7/23/2013,3579.27002,4.5
895,7/24/2013,3579.600098,4.55
896,7/25/2013,3605.189941,4.65
897,7/26/2013,3613.159912,4.71
898,7/29/2013,3599.139893,4.69
899,7/30/2013,3616.469971,4.66
900,7/31/2013,3626.370117,4.71
901,8/1/2013,3675.73999,4.63
902,8/2/2013,3689.590088,4.74
903,8/5/2013,3692.949951,4.74
904,8/6/2013,3665.77002,4.76
905,8/7/2013,3654.01001,4.81
906,8/8/2013,3669.120117,4.8
907,8/9/2013,3660.110107,4.8
908,8/12/2013,3669.949951,4.78
909,8/13/2013,3684.439941,4.72
910,8/14/2013,3669.27002,4.69
911,8/15/2013,3606.120117,4.74
912,8/16/2013,3602.780029,4.7
913,8/19/2013,3589.090088,4.71
914,8/20/2013,3613.590088,4.8
915,8/21/2013,3599.790039,4.77
916,8/22/2013,3638.709961,4.73
917,8/23/2013,3657.790039,4.75
918,8/26/2013,3657.570068,4.75
919,8/27/2013,3578.52002,4.82
920,8/28/2013,3593.350098,4.77
921,8/29/2013,3620.300049,4.76
922,8/30/2013,3589.870117,4.73
923,9/3/2013,3612.610107,4.69
924,9/4/2013,3649.040039,4.64
925,9/5/2013,3658.780029,4.59
926,9/6/2013,3660.01001,4.63
927,9/9/2013,3706.179932,4.66
928,9/10/2013,3729.02002,4.6
929,9/11/2013,3725.01001,4.63
930,9/12/2013,3715.969971,4.61
931,9/13/2013,3722.179932,4.6
932,9/16/2013,3717.850098,4.54
933,9/17/2013,3745.699951,4.59
934,9/18/2013,3783.639893,4.67
935,9/19/2013,3789.379883,4.51
936,9/20/2013,3774.72998,4.54
937,9/23/2013,3765.290039,4.6
938,9/24/2013,3768.25,4.65
939,9/25/2013,3761.100098,4.7
940,9/26/2013,3787.429932,4.69
941,9/27/2013,3781.590088,4.75
942,9/30/2013,3771.47998,4.83
943,10/1/2013,3817.97998,4.78
944,10/2/2013,3815.02002,4.78
945,10/3/2013,3774.340088,4.75
946,10/4/2013,3807.75,4.7
947,10/7/2013,3770.379883,4.69
948,10/8/2013,3694.830078,4.68
949,10/9/2013,3677.780029,4.67
950,10/10/2013,3760.75,4.61
951,10/11/2013,3791.870117,4.62
952,10/14/2013,3815.280029,4.6
953,10/15/2013,3794.01001,4.54
954,10/16/2013,3839.429932,4.55
955,10/17/2013,3863.149902,4.53
956,10/18/2013,3914.280029,4.46
957,10/21/2013,3920.050049,4.41
958,10/22/2013,3929.570068,4.44
959,10/23/2013,3907.070068,4.44
960,10/24/2013,3928.959961,4.4
961,10/25/2013,3943.360107,4.42
962,10/28/2013,3940.129883,4.44
963,10/29/2013,3952.340088,4.45
964,10/30/2013,3930.620117,4.43
965,10/31/2013,3919.709961,4.36
966,11/1/2013,3922.040039,4.31
967,11/4/2013,3936.590088,4.33
968,11/5/2013,3939.860107,4.33
969,11/6/2013,3931.949951,4.35
970,11/7/2013,3857.330078,4.34
971,11/8/2013,3919.22998,4.38
972,11/11/2013,3919.790039,4.38
973,11/12/2013,3919.919922,4.35
974,11/13/2013,3965.580078,4.42
975,11/14/2013,3972.73999,4.41
976,11/15/2013,3985.969971,4.38
977,11/18/2013,3949.070068,4.35
978,11/19/2013,3931.550049,4.31
979,11/20/2013,3921.27002,4.29
980,11/21/2013,3969.159912,4.32
981,11/22/2013,3991.649902,4.3
982,11/25/2013,3994.570068,4.27
983,11/26/2013,4017.75,4.27
984,11/27/2013,4044.75,4.24
985,11/29/2013,4059.889893,4.23
986,12/2/2013,4045.26001,4.19
987,12/3/2013,4037.199951,4.22
988,12/4/2013,4038,4.19
989,12/5/2013,4033.169922,4.16
990,12/6/2013,4062.52002,4.13
991,12/9/2013,4068.75,4.11
992,12/10/2013,4060.48999,4.15
993,12/11/2013,4003.810059,4.11
994,12/12/2013,3998.399902,4.11
995,12/13/2013,4000.97998,4.12
996,12/16/2013,4029.52002,4.09
997,12/17/2013,4023.679932,4.15
998,12/18/2013,4070.060059,4.14
999,12/19/2013,4058.139893,4.07
1000,12/20/2013,4104.740234,4.04
1001,12/23/2013,4148.899902,4
1002,12/24/2013,4155.419922,3.96
1003,12/26/2013,4167.180176,3.96
1004,12/27/2013,4156.589844,3.96
1005,12/30/2013,4154.200195,3.97
1006,12/31/2013,4176.589844,4
1007,1/2/2014,4143.069824,4
1008,1/3/2014,4131.910156,3.98
1009,1/6/2014,4113.680176,3.96
1010,1/7/2014,4153.180176,3.92
1011,1/8/2014,4165.609863,3.87
1012,1/9/2014,4156.189941,3.88
1013,1/10/2014,4174.669922,3.95
1014,1/13/2014,4113.299805,3.97
1015,1/14/2014,4183.02002,3.92
1016,1/15/2014,4214.879883,3.87
1017,1/16/2014,4218.689941,3.88
1018,1/17/2014,4197.580078,3.88
1019,1/21/2014,4225.759766,3.86
1020,1/22/2014,4243,3.82
1021,1/23/2014,4218.879883,3.92
1022,1/24/2014,4128.169922,4.08
1023,1/27/2014,4083.610107,4.09
1024,1/28/2014,4097.959961,4.08
1025,1/29/2014,4051.429932,4.15
1026,1/30/2014,4123.129883,4.12
1027,1/31/2014,4103.879883,4.21
1028,2/3/2014,3996.959961,4.28
1029,2/4/2014,4031.52002,4.31
1030,2/5/2014,4011.550049,4.28
1031,2/6/2014,4057.120117,4.21
1032,2/7/2014,4125.859863,4.2
1033,2/10/2014,4148.169922,4.16
1034,2/11/2014,4191.049805,4.08
1035,2/12/2014,4201.290039,4.01
1036,2/13/2014,4240.669922,4.07
1037,2/14/2014,4244.02002,4.03
1038,2/18/2014,4272.779785,4.01
1039,2/19/2014,4237.950195,3.95
1040,2/20/2014,4267.549805,3.92
1041,2/21/2014,4263.410156,3.9
1042,2/24/2014,4292.970215,3.85
1043,2/25/2014,4287.589844,3.84
1044,2/26/2014,4292.060059,3.84
1045,2/27/2014,4318.930176,3.83
1046,2/28/2014,4308.120117,3.81
1047,3/3/2014,4277.299805,3.87
1048,3/4/2014,4351.970215,3.79
1049,3/5/2014,4357.970215,3.78
1050,3/6/2014,4352.129883,3.78
1051,3/7/2014,4336.220215,3.79
1052,3/10/2014,4334.450195,3.82
1053,3/11/2014,4307.189941,3.82
1054,3/12/2014,4323.330078,3.87
1055,3/13/2014,4260.419922,3.92
1056,3/14/2014,4245.399902,3.96
1057,3/17/2014,4279.950195,3.9
1058,3/18/2014,4333.310059,3.87
1059,3/19/2014,4307.600098,3.74
1060,3/20/2014,4319.290039,3.79
1061,3/21/2014,4276.790039,3.76
1062,3/24/2014,4226.390137,3.75
1063,3/25/2014,4234.27002,3.73
1064,3/26/2014,4173.580078,3.75
1065,3/27/2014,4151.22998,3.77
1066,3/28/2014,4155.759766,3.73
1067,3/31/2014,4198.990234,3.77
1068,4/1/2014,4268.040039,3.73
1069,4/2/2014,4276.459961,3.66
1070,4/3/2014,4237.740234,3.64
1071,4/4/2014,4127.72998,3.68
1072,4/7/2014,4079.75,3.72
1073,4/8/2014,4112.990234,3.73
1074,4/9/2014,4183.899902,3.74
1075,4/10/2014,4054.110107,3.77
1076,4/11/2014,3999.72998,3.82
1077,4/14/2014,4022.689941,3.76
1078,4/15/2014,4034.159912,3.75
1079,4/16/2014,4086.22998,3.73
1080,4/17/2014,4095.52002,3.68
1081,4/21/2014,4121.549805,3.67
1082,4/22/2014,4161.459961,3.65
1083,4/23/2014,4126.970215,3.68
1084,4/24/2014,4148.339844,3.66
1085,4/25/2014,4075.560059,3.69
1086,4/28/2014,4074.399902,3.68
1087,4/29/2014,4103.540039,3.66
1088,4/30/2014,4114.560059,3.71
1089,5/1/2014,4127.450195,3.75
1090,5/2/2014,4123.899902,3.73
1091,5/5/2014,4138.060059,3.74
1092,5/6/2014,4080.76001,3.72
1093,5/7/2014,4067.669922,3.74
1094,5/8/2014,4051.5,3.75
1095,5/9/2014,4071.870117,3.74
1096,5/12/2014,4143.859863,3.7
1097,5/13/2014,4130.169922,3.7
1098,5/14/2014,4100.629883,3.73
1099,5/15/2014,4069.290039,3.78
1100,5/16/2014,4090.590088,3.77
1101,5/19/2014,4125.810059,3.76
1102,5/20/2014,4096.890137,3.77
1103,5/21/2014,4131.540039,3.77
1104,5/22/2014,4154.339844,3.78
1105,5/23/2014,4185.810059,3.78
1106,5/27/2014,4237.069824,3.76
1107,5/28/2014,4225.080078,3.8
1108,5/29/2014,4247.950195,3.78
1109,5/30/2014,4242.620117,3.75
1110,6/2/2014,4237.200195,3.61
1111,6/3/2014,4234.080078,3.59
1112,6/4/2014,4251.640137,3.59
1113,6/5/2014,4296.22998,3.59
1114,6/6/2014,4321.399902,3.53
1115,6/9/2014,4336.240234,3.5
1116,6/10/2014,4338,3.46
1117,6/11/2014,4331.930176,3.46
1118,6/12/2014,4297.629883,3.5
1119,6/13/2014,4310.649902,3.47
1120,6/16/2014,4321.100098,3.43
1121,6/17/2014,4337.22998,3.39
1122,6/18/2014,4362.839844,3.41
1123,6/19/2014,4359.330078,3.39
1124,6/20/2014,4368.040039,3.36
1125,6/23/2014,4368.680176,3.35
1126,6/24/2014,4350.350098,3.37
1127,6/25/2014,4379.759766,3.43
1128,6/26/2014,4379.049805,3.47
1129,6/27/2014,4397.930176,3.48
1130,6/30/2014,4408.180176,3.53
1131,7/1/2014,4458.649902,3.5
1132,7/2/2014,4457.72998,3.46
1133,7/3/2014,4485.930176,3.44
1134,7/7/2014,4451.529785,3.44
1135,7/8/2014,4391.459961,3.48
1136,7/9/2014,4419.029785,3.51
1137,7/10/2014,4396.200195,3.62
1138,7/11/2014,4415.490234,3.61
1139,7/14/2014,4440.419922,3.57
1140,7/15/2014,4416.390137,3.6
1141,7/16/2014,4425.970215,3.63
1142,7/17/2014,4363.450195,3.74
1143,7/18/2014,4432.149902,3.78
1144,7/21/2014,4424.700195,3.8
1145,7/22/2014,4456.02002,3.79
1146,7/23/2014,4473.700195,3.77
1147,7/24/2014,4472.109863,3.72
1148,7/25/2014,4449.560059,3.75
1149,7/28/2014,4444.910156,3.74
1150,7/29/2014,4442.700195,3.8
1151,7/30/2014,4462.899902,3.79
1152,7/31/2014,4369.77002,4.04
1153,8/1/2014,4352.640137,4.25
1154,8/4/2014,4383.890137,4.24
1155,8/5/2014,4352.839844,4.17
1156,8/6/2014,4355.049805,4.21
1157,8/7/2014,4334.970215,4.2
1158,8/8/2014,4370.899902,4.2
1159,8/11/2014,4401.330078,4.12
1160,8/12/2014,4389.25,4.07
1161,8/13/2014,4434.129883,4.03
1162,8/14/2014,4453,3.97
1163,8/15/2014,4464.930176,3.97
1164,8/18/2014,4508.310059,3.89
1165,8/19/2014,4527.509766,3.85
1166,8/20/2014,4526.47998,3.79
1167,8/21/2014,4532.100098,3.81
1168,8/22/2014,4538.549805,3.79
1169,8/25/2014,4557.350098,3.77
1170,8/26/2014,4570.640137,3.78
1171,8/27/2014,4569.620117,3.81
1172,8/28/2014,4557.700195,3.82
1173,8/29/2014,4580.27002,3.8
1174,9/2/2014,4598.189941,3.8
1175,9/3/2014,4572.560059,3.83
1176,9/4/2014,4562.290039,3.85
1177,9/5/2014,4582.899902,3.93
1178,9/8/2014,4592.290039,3.92
1179,9/9/2014,4552.290039,3.93
1180,9/10/2014,4586.52002,4.01
1181,9/11/2014,4591.810059,4.05
1182,9/12/2014,4567.600098,4.03
1183,9/15/2014,4518.899902,4.06
1184,9/16/2014,4552.759766,4.1
1185,9/17/2014,4562.189941,4.05
1186,9/18/2014,4593.430176,3.98
1187,9/19/2014,4579.790039,3.97
1188,9/22/2014,4527.689941,4.02
1189,9/23/2014,4508.689941,4.13
1190,9/24/2014,4555.220215,4.18
1191,9/25/2014,4466.75,4.33
1192,9/26/2014,4512.189941,4.4
1193,9/29/2014,4505.850098,4.51
1194,9/30/2014,4493.390137,4.4
1195,10/1/2014,4422.089844,4.45
1196,10/2/2014,4430.200195,4.42
1197,10/3/2014,4475.620117,4.29
1198,10/6/2014,4454.799805,4.26
1199,10/7/2014,4385.200195,4.37
1200,10/8/2014,4468.589844,4.48
1201,10/9/2014,4378.339844,4.52
1202,10/10/2014,4276.240234,4.66
1203,10/13/2014,4213.660156,4.66
1204,10/14/2014,4227.169922,4.83
1205,10/15/2014,4215.319824,5.08
1206,10/16/2014,4217.390137,4.98
1207,10/17/2014,4258.439941,4.68
1208,10/20/2014,4316.069824,4.68
1209,10/21/2014,4419.47998,4.5
1210,10/22/2014,4382.850098,4.44
1211,10/23/2014,4452.790039,4.38
1212,10/24/2014,4483.720215,4.38
1213,10/27/2014,4485.930176,4.41
1214,10/28/2014,4564.290039,4.39
1215,10/29/2014,4549.22998,4.32
1216,10/30/2014,4566.140137,4.35
1217,10/31/2014,4630.740234,4.3
1218,11/3/2014,4638.910156,4.29
1219,11/4/2014,4623.640137,4.35
1220,11/5/2014,4620.720215,4.32
1221,11/6/2014,4638.470215,4.3
1222,11/7/2014,4632.529785,4.36
1223,11/10/2014,4651.620117,4.32
1224,11/11/2014,4660.560059,4.32
1225,11/12/2014,4675.140137,4.33
1226,11/13/2014,4680.140137,4.37
1227,11/14/2014,4688.540039,4.43
1228,11/17/2014,4671,4.46
1229,11/18/2014,4702.439941,4.53
1230,11/19/2014,4675.709961,4.57
1231,11/20/2014,4701.870117,4.61
1232,11/21/2014,4712.970215,4.54
1233,11/24/2014,4754.890137,4.54
1234,11/25/2014,4758.25,4.54
1235,11/26/2014,4787.319824,4.56
1236,11/28/2014,4791.629883,4.64
1237,12/1/2014,4727.350098,4.82
1238,12/2/2014,4755.810059,4.82
1239,12/3/2014,4774.470215,4.81
1240,12/4/2014,4769.439941,4.83
1241,12/5/2014,4780.759766,4.77
1242,12/8/2014,4740.689941,4.87
1243,12/9/2014,4766.470215,5.06
1244,12/10/2014,4684.02002,5.21
1245,12/11/2014,4708.160156,5.25
1246,12/12/2014,4653.600098,5.47
1247,12/15/2014,4605.160156,5.52
1248,12/16/2014,4547.830078,5.71
1249,12/17/2014,4644.310059,5.48
1250,12/18/2014,4748.399902,5.15
1251,12/19/2014,4765.379883,5.09
1252,12/22/2014,4781.419922,5.03
1253,12/23/2014,4765.419922,4.94
1254,12/24/2014,4773.470215,4.93
1255,12/26/2014,4806.859863,4.93
1256,12/29/2014,4806.910156,4.96
1257,12/30/2014,4777.439941,4.98
1258,12/31/2014,4736.049805,5.04
1259,1/2/2015,4726.810059,5.08
1260,1/5/2015,4652.569824,5.21
1261,1/6/2015,4592.740234,5.37
1262,1/7/2015,4650.470215,5.31
1263,1/8/2015,4736.189941,5.17
1264,1/9/2015,4704.069824,5.2
1265,1/12/2015,4664.709961,5.27
1266,1/13/2015,4661.5,5.28
1267,1/14/2015,4639.319824,5.39
1268,1/15/2015,4570.819824,5.42
1269,1/16/2015,4634.379883,5.41
1270,1/20/2015,4654.850098,5.39
1271,1/21/2015,4667.419922,5.36
1272,1/22/2015,4750.399902,5.27
1273,1/23/2015,4757.879883,5.3
1274,1/26/2015,4771.759766,5.26
1275,1/27/2015,4681.5,5.29
1276,1/28/2015,4637.990234,5.31
1277,1/29/2015,4683.410156,5.28
1278,1/30/2015,4635.240234,5.37
1279,2/2/2015,4676.689941,5.26
1280,2/3/2015,4727.740234,5.11
1281,2/4/2015,4716.700195,5.05
1282,2/5/2015,4765.100098,4.99
1283,2/6/2015,4744.399902,4.78
1284,2/9/2015,4726.009766,4.8
1285,2/10/2015,4787.640137,4.75
1286,2/11/2015,4801.180176,4.76
1287,2/12/2015,4857.609863,4.74
1288,2/13/2015,4893.839844,4.71
1289,2/17/2015,4899.27002,4.57
1290,2/18/2015,4906.359863,4.62
1291,2/19/2015,4924.700195,4.58
1292,2/20/2015,4955.970215,4.53
1293,2/23/2015,4960.970215,4.56
1294,2/24/2015,4968.120117,4.58
1295,2/25/2015,4967.140137,4.54
1296,2/26/2015,4987.890137,4.43
1297,2/27/2015,4963.529785,4.43
1298,3/2/2015,5008.100098,4.38
1299,3/3/2015,4979.899902,4.38
1300,3/4/2015,4967.140137,4.44
1301,3/5/2015,4982.810059,4.46
1302,3/6/2015,4927.370117,4.42
1303,3/9/2015,4942.439941,4.51
1304,3/10/2015,4859.790039,4.66
1305,3/11/2015,4849.939941,4.61
1306,3/12/2015,4893.290039,4.62
1307,3/13/2015,4871.759766,4.68
1308,3/16/2015,4929.509766,4.72
1309,3/17/2015,4937.430176,4.79
1310,3/18/2015,4982.830078,4.91
1311,3/19/2015,4992.379883,4.79
1312,3/20/2015,5026.419922,4.81
1313,3/23/2015,5010.970215,4.82
1314,3/24/2015,4994.72998,4.81
1315,3/25/2015,4876.52002,4.76
1316,3/26/2015,4863.359863,4.74
1317,3/27/2015,4891.220215,4.76
1318,3/30/2015,4947.439941,4.73
1319,3/31/2015,4900.879883,4.82
1320,4/1/2015,4880.22998,4.86
1321,4/2/2015,4886.939941,4.82
1322,4/6/2015,4917.319824,4.8
1323,4/7/2015,4910.22998,4.72
1324,4/8/2015,4950.819824,4.67
1325,4/9/2015,4974.560059,4.62
1326,4/10/2015,4995.97998,4.6
1327,4/13/2015,4988.25,4.6
1328,4/14/2015,4977.290039,4.62
1329,4/15/2015,5011.02002,4.58
1330,4/16/2015,5007.790039,4.61
1331,4/17/2015,4931.810059,4.66
1332,4/20/2015,4994.600098,4.6
1333,4/21/2015,5014.100098,4.57
1334,4/22/2015,5035.169922,4.53
1335,4/23/2015,5056.060059,4.55
1336,4/24/2015,5092.080078,4.56
1337,4/27/2015,5060.25,4.55
1338,4/28/2015,5055.419922,4.52
1339,4/29/2015,5023.640137,4.53
1340,4/30/2015,4941.419922,4.59
1341,5/1/2015,5005.390137,4.53
1342,5/4/2015,5016.930176,4.51
1343,5/5/2015,4939.330078,4.48
1344,5/6/2015,4919.640137,4.5
1345,5/7/2015,4945.540039,4.55
1346,5/8/2015,5003.549805,4.53
1347,5/11/2015,4993.569824,4.45
1348,5/12/2015,4976.189941,4.56
1349,5/13/2015,4981.689941,4.51
1350,5/14/2015,5050.799805,4.52
1351,5/15/2015,5048.290039,4.55
1352,5/18/2015,5078.439941,4.49
1353,5/19/2015,5070.029785,4.46
1354,5/20/2015,5071.740234,4.49
1355,5/21/2015,5090.790039,4.51
1356,5/22/2015,5089.359863,4.47
1357,5/26/2015,5032.75,4.51
1358,5/27/2015,5106.589844,4.48
1359,5/28/2015,5097.97998,4.5
1360,5/29/2015,5070.029785,4.52
1361,6/1/2015,5082.930176,4.52
1362,6/2/2015,5076.52002,4.49
1363,6/3/2015,5099.22998,4.46
1364,6/4/2015,5059.120117,4.56
1365,6/5/2015,5068.459961,4.56
1366,6/8/2015,5021.629883,4.61
1367,6/9/2015,5013.870117,4.66
1368,6/10/2015,5076.689941,4.6
1369,6/11/2015,5082.509766,4.62
1370,6/12/2015,5051.100098,4.63
1371,6/15/2015,5029.970215,4.71
1372,6/16/2015,5055.549805,4.77
1373,6/17/2015,5064.879883,4.76
1374,6/18/2015,5132.950195,4.71
1375,6/19/2015,5117,4.73
1376,6/22/2015,5153.970215,4.62
1377,6/23/2015,5160.089844,4.62
1378,6/24/2015,5122.410156,4.66
1379,6/25/2015,5112.189941,4.67
1380,6/26/2015,5080.509766,4.65
1381,6/29/2015,4958.470215,4.91
1382,6/30/2015,4986.870117,5
1383,7/1/2015,5013.120117,4.88
1384,7/2/2015,5009.209961,4.91
1385,7/6/2015,4991.939941,5.07
1386,7/7/2015,4997.459961,5.13
1387,7/8/2015,4909.759766,5.21
1388,7/9/2015,4922.399902,5.11
1389,7/10/2015,4997.700195,4.97
1390,7/13/2015,5071.509766,4.93
1391,7/14/2015,5104.890137,4.94
1392,7/15/2015,5098.939941,4.93
1393,7/16/2015,5163.180176,4.91
1394,7/17/2015,5210.140137,4.95
1395,7/20/2015,5218.859863,4.96
1396,7/21/2015,5208.120117,5.06
1397,7/22/2015,5171.77002,5.16
1398,7/23/2015,5146.410156,5.21
1399,7/24/2015,5088.629883,5.32
1400,7/27/2015,5039.779785,5.49
1401,7/28/2015,5089.209961,5.44
1402,7/29/2015,5111.72998,5.33
1403,7/30/2015,5128.779785,5.26
1404,7/31/2015,5128.279785,5.36
1405,8/3/2015,5115.379883,5.45
1406,8/4/2015,5105.549805,5.41
1407,8/5/2015,5139.939941,5.29
1408,8/6/2015,5056.439941,5.4
1409,8/7/2015,5043.540039,5.52
1410,8/10/2015,5101.799805,5.51
1411,8/11/2015,5036.790039,5.67
1412,8/12/2015,5044.390137,5.79
1413,8/13/2015,5033.560059,5.66
1414,8/14/2015,5048.240234,5.52
1415,8/17/2015,5091.700195,5.58
1416,8/18/2015,5059.350098,5.56
1417,8/19/2015,5019.049805,5.68
1418,8/20/2015,4877.490234,5.75
1419,8/21/2015,4706.040039,5.86
1420,8/24/2015,4526.25,6.14
1421,8/25/2015,4506.490234,5.9
1422,8/26/2015,4697.540039,5.91
1423,8/27/2015,4812.709961,5.8
1424,8/28/2015,4828.319824,5.72
1425,8/31/2015,4776.509766,5.7
1426,9/1/2015,4636.100098,5.78
1427,9/2/2015,4749.97998,5.73
1428,9/3/2015,4733.5,5.7
1429,9/4/2015,4683.919922,5.74
1430,9/8/2015,4811.930176,5.64
1431,9/9/2015,4756.529785,5.59
1432,9/10/2015,4796.25,5.58
1433,9/11/2015,4822.339844,5.62
1434,9/14/2015,4805.759766,5.62
1435,9/15/2015,4860.52002,5.54
1436,9/16/2015,4889.240234,5.59
1437,9/17/2015,4893.950195,5.71
1438,9/18/2015,4827.22998,5.8
1439,9/21/2015,4828.950195,5.77
1440,9/22/2015,4756.720215,5.98
1441,9/23/2015,4752.740234,5.98
1442,9/24/2015,4734.47998,6.14
1443,9/25/2015,4686.5,6.15
1444,9/28/2015,4543.970215,6.48
1445,9/29/2015,4517.319824,6.6
1446,9/30/2015,4620.160156,6.62
1447,10/1/2015,4627.080078,6.67
1448,10/2/2015,4707.779785,6.83
1449,10/5/2015,4781.259766,6.62
1450,10/6/2015,4748.359863,6.52
1451,10/7/2015,4791.149902,6.32
1452,10/8/2015,4810.790039,6.26
1453,10/9/2015,4830.470215,6.13
1454,10/12/2015,4838.640137,6.13
1455,10/13/2015,4796.609863,6.24
1456,10/14/2015,4782.850098,6.31
1457,10/15/2015,4870.100098,6.26
1458,10/16/2015,4886.689941,6.18
1459,10/19/2015,4905.470215,6.16
1460,10/20/2015,4880.970215,6.06
1461,10/21/2015,4840.120117,6.07
1462,10/22/2015,4920.049805,6.1
1463,10/23/2015,5031.859863,5.97
1464,10/26/2015,5034.700195,6
1465,10/27/2015,5030.149902,6.07
1466,10/28/2015,5095.689941,5.97
1467,10/29/2015,5074.27002,5.89
1468,10/30/2015,5053.75,5.88
1469,11/2/2015,5127.149902,5.84
1470,11/3/2015,5145.129883,5.77
1471,11/4/2015,5142.47998,5.73
1472,11/5/2015,5127.740234,5.8
1473,11/6/2015,5147.120117,5.82
1474,11/9/2015,5095.299805,5.94
1475,11/10/2015,5083.240234,6.02
1476,11/11/2015,5067.02002,6.02
1477,11/12/2015,5005.080078,6.13
1478,11/13/2015,4927.879883,6.24
1479,11/16/2015,4984.620117,6.28
1480,11/17/2015,4986.02002,6.19
1481,11/18/2015,5075.200195,6.2
1482,11/19/2015,5073.640137,6.28
1483,11/20/2015,5104.919922,6.32
1484,11/23/2015,5102.47998,6.35
1485,11/24/2015,5102.810059,6.41
1486,11/25/2015,5116.140137,6.37
1487,11/27/2015,5127.52002,6.38
1488,11/30/2015,5108.669922,6.4
1489,12/1/2015,5156.310059,6.4
1490,12/2/2015,5123.220215,6.34
1491,12/3/2015,5037.529785,6.32
1492,12/4/2015,5142.27002,6.37
1493,12/7/2015,5101.810059,6.51
1494,12/8/2015,5098.240234,6.65
1495,12/9/2015,5022.870117,6.72
1496,12/10/2015,5045.169922,6.71
1497,12/11/2015,4933.470215,7.1
1498,12/14/2015,4952.22998,7.33
1499,12/15/2015,4995.359863,7.09
1500,12/16/2015,5071.129883,6.98
1501,12/17/2015,5002.549805,7.01
1502,12/18/2015,4923.080078,7.2
1503,12/21/2015,4968.919922,7.25
1504,12/22/2015,5001.109863,7.15
1505,12/23/2015,5045.930176,7.05
1506,12/24/2015,5048.490234,7.05
1507,12/28/2015,5040.990234,7.07
1508,12/29/2015,5107.939941,6.96
1509,12/30/2015,5065.850098,6.95
1510,12/31/2015,5007.410156,6.95
1511,1/4/2016,4903.089844,7.1
1512,1/5/2016,4891.430176,7.03
1513,1/6/2016,4835.759766,7.11
1514,1/7/2016,4689.430176,7.24
1515,1/8/2016,4643.629883,7.23
1516,1/11/2016,4637.990234,7.31
1517,1/12/2016,4685.919922,7.38
1518,1/13/2016,4526.060059,7.5
1519,1/14/2016,4615,7.57
1520,1/15/2016,4488.419922,7.89
1521,1/19/2016,4476.950195,7.88
1522,1/20/2016,4471.689941,8.27
1523,1/21/2016,4472.060059,8.13
1524,1/22/2016,4591.180176,7.87
1525,1/25/2016,4518.490234,7.85
1526,1/26/2016,4567.669922,7.83
1527,1/27/2016,4468.169922,7.78
1528,1/28/2016,4506.680176,7.75
1529,1/29/2016,4613.950195,7.74
1530,2/1/2016,4620.370117,7.79
1531,2/2/2016,4516.950195,7.98
1532,2/3/2016,4504.240234,8.03
1533,2/4/2016,4509.560059,8.03
1534,2/5/2016,4363.140137,8.1
1535,2/8/2016,4283.75,8.51
1536,2/9/2016,4268.759766,8.62
1537,2/10/2016,4283.589844,8.53
1538,2/11/2016,4266.839844,8.87
1539,2/12/2016,4337.509766,8.64
1540,2/16/2016,4435.959961,8.45
1541,2/17/2016,4534.060059,8.21
1542,2/18/2016,4487.540039,8.17
1543,2/19/2016,4504.430176,8.23
1544,2/22/2016,4570.609863,8.09
1545,2/23/2016,4503.580078,8.1
1546,2/24/2016,4542.609863,8.17
1547,2/25/2016,4582.200195,8.08
1548,2/26/2016,4590.470215,7.8
1549,2/29/2016,4557.950195,7.75
1550,3/1/2016,4689.600098,7.46
1551,3/2/2016,4703.419922,7.31
1552,3/3/2016,4707.419922,7.28
1553,3/4/2016,4717.02002,7.08
1554,3/7/2016,4708.25,7.03
1555,3/8/2016,4648.819824,7.14
1556,3/9/2016,4674.379883,7.15
1557,3/10/2016,4662.160156,7.04
1558,3/11/2016,4748.470215,6.82
1559,3/14/2016,4750.279785,6.74
1560,3/15/2016,4728.669922,6.84
1561,3/16/2016,4763.970215,6.94
1562,3/17/2016,4774.990234,6.82
1563,3/18/2016,4795.649902,6.71
1564,3/21/2016,4808.870117,6.65
1565,3/22/2016,4821.660156,6.69
1566,3/23/2016,4768.859863,6.79
1567,3/24/2016,4773.5,6.93
1568,3/28/2016,4766.790039,6.99
1569,3/29/2016,4846.620117,7.14
1570,3/30/2016,4869.290039,7.03
1571,3/31/2016,4869.850098,7.05
1572,4/1/2016,4914.540039,7.05
1573,4/4/2016,4891.799805,7.03
1574,4/5/2016,4843.930176,7.13
1575,4/6/2016,4920.720215,7.04
1576,4/7/2016,4848.370117,7.11
1577,4/8/2016,4850.689941,7.03
1578,4/11/2016,4833.399902,7
1579,4/12/2016,4872.089844,6.87
1580,4/13/2016,4947.419922,6.71
1581,4/14/2016,4945.890137,6.6
1582,4/15/2016,4938.220215,6.62
1583,4/18/2016,4960.02002,6.62
1584,4/19/2016,4940.330078,6.46
1585,4/20/2016,4948.129883,6.31
1586,4/21/2016,4945.890137,6.29
1587,4/22/2016,4906.22998,6.29
1588,4/25/2016,4895.790039,6.32
1589,4/26/2016,4888.279785,6.26
1590,4/27/2016,4863.140137,6.25
1591,4/28/2016,4805.290039,6.19
1592,4/29/2016,4775.359863,6.24
1593,5/2/2016,4817.589844,6.16
1594,5/3/2016,4763.220215,6.31
1595,5/4/2016,4725.640137,6.39
1596,5/5/2016,4717.089844,6.42
1597,5/6/2016,4736.160156,6.48
1598,5/9/2016,4750.209961,6.53
1599,5/10/2016,4809.879883,6.46
1600,5/11/2016,4760.689941,6.4
1601,5/12/2016,4737.330078,6.36
1602,5/13/2016,4717.680176,6.41
1603,5/16/2016,4775.459961,6.3
1604,5/17/2016,4715.72998,6.26
1605,5/18/2016,4739.120117,6.16
1606,5/19/2016,4712.529785,6.29
1607,5/20/2016,4769.560059,6.22
1608,5/23/2016,4765.779785,6.21
1609,5/24/2016,4861.060059,6.13
1610,5/25/2016,4894.890137,6.04
1611,5/26/2016,4901.77002,6.08
1612,5/27/2016,4933.5,6.08
1613,5/31/2016,4948.049805,5.97
1614,6/1/2016,4952.25,6.01
1615,6/2/2016,4971.359863,6
1616,6/3/2016,4942.52002,6.09
1617,6/6/2016,4968.709961,6
1618,6/7/2016,4961.75,5.92
1619,6/8/2016,4974.640137,5.82
1620,6/9/2016,4958.620117,5.86
1621,6/10/2016,4894.549805,5.98
1622,6/13/2016,4848.439941,6.07
1623,6/14/2016,4843.549805,6.19
1624,6/15/2016,4834.930176,6.18
1625,6/16/2016,4844.919922,6.32
1626,6/17/2016,4800.339844,6.21
1627,6/20/2016,4837.209961,6
1628,6/21/2016,4843.759766,6
1629,6/22/2016,4833.319824,5.96
1630,6/23/2016,4910.040039,5.83
1631,6/24/2016,4707.97998,6.33
1632,6/27/2016,4594.439941,6.57
1633,6/28/2016,4691.870117,6.48
1634,6/29/2016,4779.25,6.26
1635,6/30/2016,4842.669922,6.21
1636,7/1/2016,4862.569824,6.12
1637,7/5/2016,4822.899902,6.16
1638,7/6/2016,4859.160156,6.14
1639,7/7/2016,4876.810059,6.02
1640,7/8/2016,4956.759766,5.88
1641,7/11/2016,4988.640137,5.66
1642,7/12/2016,5022.819824,5.46
1643,7/13/2016,5005.72998,5.58
1644,7/14/2016,5034.060059,5.44
1645,7/15/2016,5029.589844,5.42
1646,7/18/2016,5055.779785,5.44
1647,7/19/2016,5036.370117,5.45
1648,7/20/2016,5089.930176,5.4
1649,7/21/2016,5073.899902,5.41
1650,7/22/2016,5100.160156,5.39
1651,7/25/2016,5097.629883,5.39
1652,7/26/2016,5110.049805,5.45
1653,7/27/2016,5139.810059,5.51
1654,7/28/2016,5154.97998,5.54
1655,7/29/2016,5162.129883,5.61
1656,8/1/2016,5184.200195,5.69
1657,8/2/2016,5137.72998,5.73
1658,8/3/2016,5159.740234,5.72
1659,8/4/2016,5166.25,5.65
1660,8/5/2016,5221.120117,5.46
1661,8/8/2016,5213.140137,5.42
1662,8/9/2016,5225.47998,5.36
1663,8/10/2016,5204.580078,5.38
1664,8/11/2016,5228.399902,5.31
1665,8/12/2016,5232.890137,5.34
1666,8/15/2016,5262.02002,5.23
1667,8/16/2016,5227.109863,5.17
1668,8/17/2016,5228.660156,5.19
1669,8/18/2016,5240.149902,5.2
1670,8/19/2016,5238.379883,5.15
1671,8/22/2016,5244.600098,5.18
1672,8/23/2016,5260.080078,5.14
1673,8/24/2016,5217.689941,5.13
1674,8/25/2016,5212.200195,5.14
1675,8/26/2016,5218.919922,5.04
1676,8/29/2016,5232.330078,5.1
1677,8/30/2016,5222.990234,5.07
1678,8/31/2016,5213.220215,5.1
1679,9/1/2016,5227.209961,5.12
1680,9/2/2016,5249.899902,5.09
1681,9/6/2016,5275.910156,5.09
1682,9/7/2016,5283.930176,5.07
1683,9/8/2016,5259.47998,4.99
1684,9/9/2016,5125.910156,5.1
1685,9/12/2016,5211.890137,5.18
1686,9/13/2016,5155.25,5.24
1687,9/14/2016,5173.77002,5.26
1688,9/15/2016,5249.689941,5.26
1689,9/16/2016,5244.569824,5.27
1690,9/19/2016,5235.029785,5.25
1691,9/20/2016,5241.350098,5.24
1692,9/21/2016,5295.180176,5.22
1693,9/22/2016,5339.52002,5.09
1694,9/23/2016,5305.75,5.1
1695,9/26/2016,5257.490234,5.16
1696,9/27/2016,5305.709961,5.18
1697,9/28/2016,5318.549805,5.14
1698,9/29/2016,5269.149902,5.09
1699,9/30/2016,5312,4.97
1700,10/3/2016,5300.870117,4.93
1701,10/4/2016,5289.660156,4.85
1702,10/5/2016,5316.02002,4.78
1703,10/6/2016,5306.850098,4.75
1704,10/7/2016,5292.399902,4.76
1705,10/10/2016,5328.669922,4.76
1706,10/11/2016,5246.790039,4.75
1707,10/12/2016,5239.02002,4.75
1708,10/13/2016,5213.330078,4.82
1709,10/14/2016,5214.160156,4.72
1710,10/17/2016,5199.819824,4.76
1711,10/18/2016,5243.839844,4.72
1712,10/19/2016,5246.410156,4.66
1713,10/20/2016,5241.830078,4.62
1714,10/21/2016,5257.399902,4.62
1715,10/24/2016,5309.830078,4.6
1716,10/25/2016,5283.399902,4.6
1717,10/26/2016,5250.27002,4.66
1718,10/27/2016,5215.970215,4.69
1719,10/28/2016,5190.100098,4.76
1720,10/31/2016,5189.140137,4.91
1721,11/1/2016,5153.580078,5.05
1722,11/2/2016,5105.569824,5.15
1723,11/3/2016,5058.410156,5.15
1724,11/4/2016,5046.370117,5.2
1725,11/7/2016,5166.169922,5.01
1726,11/8/2016,5193.490234,4.98
1727,11/9/2016,5251.069824,4.94
1728,11/10/2016,5208.799805,4.97
1729,11/11/2016,5237.109863,4.97
1730,11/14/2016,5218.399902,5.11
1731,11/15/2016,5275.620117,4.94
1732,11/16/2016,5294.580078,4.94
1733,11/17/2016,5333.970215,4.85
1734,11/18/2016,5321.509766,4.84
1735,11/21/2016,5368.859863,4.78
1736,11/22/2016,5386.350098,4.7
1737,11/23/2016,5380.680176,4.66
1738,11/25/2016,5398.919922,4.64
1739,11/28/2016,5368.810059,4.66
1740,11/29/2016,5379.919922,4.69
1741,11/30/2016,5323.680176,4.67
1742,12/1/2016,5251.109863,4.62
1743,12/2/2016,5255.649902,4.64
1744,12/5/2016,5308.890137,4.58
1745,12/6/2016,5333,4.5
1746,12/7/2016,5393.759766,4.42
1747,12/8/2016,5417.359863,4.38
1748,12/9/2016,5444.5,4.28
1749,12/12/2016,5412.540039,4.25
1750,12/13/2016,5463.830078,4.2
1751,12/14/2016,5436.669922,4.12
1752,12/15/2016,5456.850098,4.2
1753,12/16/2016,5437.160156,4.21
1754,12/19/2016,5457.439941,4.23
1755,12/20/2016,5483.939941,4.2
1756,12/21/2016,5471.430176,4.19
1757,12/22/2016,5447.419922,4.17
1758,12/23/2016,5462.689941,4.16
1759,12/27/2016,5487.439941,4.11
1760,12/28/2016,5438.560059,4.15
1761,12/29/2016,5432.089844,4.18
1762,12/30/2016,5383.120117,4.21
1763,1/3/2017,5429.080078,4.13
1764,1/4/2017,5477,4.02
1765,1/5/2017,5487.939941,4.04
1766,1/6/2017,5521.060059,3.98
1767,1/9/2017,5531.819824,4.02
1768,1/10/2017,5551.819824,4
1769,1/11/2017,5563.649902,4.03
1770,1/12/2017,5547.490234,4.05
1771,1/13/2017,5574.120117,4.02
1772,1/17/2017,5538.72998,4.06
1773,1/18/2017,5555.649902,4.01
1774,1/19/2017,5540.080078,3.99
1775,1/20/2017,5555.330078,4.02
1776,1/23/2017,5552.939941,4.1
1777,1/24/2017,5600.959961,4.02
1778,1/25/2017,5656.339844,3.93
1779,1/26/2017,5655.180176,3.93
1780,1/27/2017,5660.779785,3.93
1781,1/30/2017,5613.709961,3.96
1782,1/31/2017,5614.790039,4
1783,2/1/2017,5642.649902,3.95
1784,2/2/2017,5636.200195,3.93
1785,2/3/2017,5666.77002,3.86
1786,2/6/2017,5663.549805,3.91
1787,2/7/2017,5674.220215,3.93
1788,2/8/2017,5682.450195,3.98
1789,2/9/2017,5715.180176,3.93
1790,2/10/2017,5734.129883,3.9
1791,2/13/2017,5763.959961,3.86
1792,2/14/2017,5782.569824,3.8
1793,2/15/2017,5819.439941,3.77
1794,2/16/2017,5814.899902,3.83
1795,2/17/2017,5838.580078,3.86
1796,2/21/2017,5865.950195,3.81
1797,2/22/2017,5860.629883,3.78
1798,2/23/2017,5835.509766,3.77
1799,2/24/2017,5845.310059,3.84
1800,2/27/2017,5861.899902,3.75
1801,2/28/2017,5825.439941,3.74
1802,3/1/2017,5904.029785,3.57
1803,3/2/2017,5861.220215,3.55
1804,3/3/2017,5870.75,3.6
1805,3/6/2017,5849.180176,3.66
1806,3/7/2017,5833.930176,3.73
1807,3/8/2017,5837.549805,3.79
1808,3/9/2017,5838.810059,3.88
1809,3/10/2017,5861.72998,3.89
1810,3/13/2017,5875.779785,3.94
1811,3/14/2017,5856.819824,4.05
1812,3/15/2017,5900.049805,4.02
1813,3/16/2017,5900.759766,3.88
1814,3/17/2017,5901,3.91
1815,3/20/2017,5901.529785,3.97
1816,3/21/2017,5793.830078,4.04
1817,3/22/2017,5821.640137,4.16
1818,3/23/2017,5817.689941,4.11
1819,3/24/2017,5828.740234,4.07
1820,3/27/2017,5840.370117,4.12
1821,3/28/2017,5875.140137,4.01
1822,3/29/2017,5897.549805,3.94
1823,3/30/2017,5914.339844,3.85
1824,3/31/2017,5911.740234,3.92
1825,4/3/2017,5894.680176,3.98
1826,4/4/2017,5898.609863,3.98
1827,4/5/2017,5864.47998,3.91
1828,4/6/2017,5878.950195,3.93
1829,4/7/2017,5877.810059,3.86
1830,4/10/2017,5880.930176,3.86
1831,4/11/2017,5866.77002,3.94
1832,4/12/2017,5836.160156,3.96
1833,4/13/2017,5805.149902,4.03
1834,4/17/2017,5856.790039,4
1835,4/18/2017,5849.470215,4.07
1836,4/19/2017,5863.029785,4.01
1837,4/20/2017,5916.779785,3.98
1838,4/21/2017,5910.52002,3.97
1839,4/24/2017,5983.819824,3.86
1840,4/25/2017,6025.490234,3.78
1841,4/26/2017,6025.22998,3.76
1842,4/27/2017,6048.939941,3.78
1843,4/28/2017,6047.609863,3.75
1844,5/1/2017,6091.600098,3.78
1845,5/2/2017,6095.370117,3.79
1846,5/3/2017,6072.549805,3.76
1847,5/4/2017,6075.339844,3.8
1848,5/5/2017,6100.759766,3.82
1849,5/8/2017,6102.660156,3.8
1850,5/9/2017,6120.589844,3.74
1851,5/10/2017,6129.140137,3.72
1852,5/11/2017,6115.959961,3.72
1853,5/12/2017,6121.22998,3.77
1854,5/15/2017,6149.669922,3.72
1855,5/16/2017,6169.870117,3.71
1856,5/17/2017,6011.240234,3.84
1857,5/18/2017,6055.129883,3.85
1858,5/19/2017,6083.700195,3.78
1859,5/22/2017,6133.620117,3.72
1860,5/23/2017,6138.709961,3.67
1861,5/24/2017,6163.02002,3.68
1862,5/25/2017,6205.259766,3.67
1863,5/26/2017,6210.189941,3.67
1864,5/30/2017,6203.189941,3.68
1865,5/31/2017,6198.52002,3.74
1866,6/1/2017,6246.830078,3.69
1867,6/2/2017,6305.799805,3.69
1868,6/5/2017,6295.680176,3.68
1869,6/6/2017,6275.060059,3.72
1870,6/7/2017,6297.379883,3.73
1871,6/8/2017,6321.759766,3.76
1872,6/9/2017,6207.919922,3.73
1873,6/12/2017,6175.459961,3.71
1874,6/13/2017,6220.370117,3.68
1875,6/14/2017,6194.890137,3.7
1876,6/15/2017,6165.5,3.72
1877,6/16/2017,6151.759766,3.76
1878,6/19/2017,6239.009766,3.7
1879,6/20/2017,6188.029785,3.77
1880,6/21/2017,6233.950195,3.85
1881,6/22/2017,6236.689941,3.87
1882,6/23/2017,6265.25,3.86
1883,6/26/2017,6247.149902,3.83
1884,6/27/2017,6146.620117,3.77
1885,6/28/2017,6234.410156,3.77
1886,6/29/2017,6144.350098,3.76
1887,6/30/2017,6140.419922,3.77
1888,7/3/2017,6110.060059,3.72
1889,7/5/2017,6150.859863,3.73
1890,7/6/2017,6089.459961,3.78
1891,7/7/2017,6153.080078,3.83
1892,7/10/2017,6176.390137,3.83
1893,7/11/2017,6193.299805,3.85
1894,7/12/2017,6261.169922,3.81
1895,7/13/2017,6274.439941,3.77
1896,7/14/2017,6312.470215,3.73
1897,7/17/2017,6314.430176,3.69
1898,7/18/2017,6344.310059,3.69
1899,7/19/2017,6385.040039,3.64
1900,7/20/2017,6390,3.61
1901,7/21/2017,6387.75,3.64
1902,7/24/2017,6410.810059,3.63
1903,7/25/2017,6412.169922,3.55
1904,7/26/2017,6422.75,3.56
1905,7/27/2017,6382.189941,3.55
1906,7/28/2017,6374.680176,3.59
1907,7/31/2017,6348.120117,3.61
1908,8/1/2017,6362.939941,3.6
1909,8/2/2017,6362.649902,3.59
1910,8/3/2017,6340.339844,3.63
1911,8/4/2017,6351.560059,3.63
1912,8/7/2017,6383.77002,3.64
1913,8/8/2017,6370.459961,3.64
1914,8/9/2017,6352.330078,3.81
1915,8/10/2017,6216.870117,3.92
1916,8/11/2017,6256.560059,4
1917,8/14/2017,6340.22998,3.89
1918,8/15/2017,6333.009766,3.87
1919,8/16/2017,6345.109863,3.88
1920,8/17/2017,6221.910156,3.93
1921,8/18/2017,6216.529785,3.98
1922,8/21/2017,6213.129883,4
1923,8/22/2017,6297.47998,3.93
1924,8/23/2017,6278.410156,3.95
1925,8/24/2017,6271.330078,3.91
1926,8/25/2017,6265.640137,3.89
1927,8/28/2017,6283.02002,3.88
1928,8/29/2017,6301.890137,3.9
1929,8/30/2017,6368.310059,3.86
1930,8/31/2017,6428.660156,3.85
1931,9/1/2017,6435.330078,3.82
1932,9/5/2017,6375.569824,3.91
1933,9/6/2017,6393.310059,3.84
1934,9/7/2017,6397.870117,3.88
1935,9/8/2017,6360.189941,3.92
1936,9/11/2017,6432.259766,3.85
1937,9/12/2017,6454.279785,3.81
1938,9/13/2017,6460.189941,3.78
1939,9/14/2017,6429.080078,3.74
1940,9/15/2017,6448.470215,3.73
1941,9/18/2017,6454.640137,3.68
1942,9/19/2017,6461.319824,3.66
1943,9/20/2017,6456.040039,3.6
1944,9/21/2017,6422.689941,3.62
1945,9/22/2017,6426.919922,3.64
1946,9/25/2017,6370.589844,3.66
1947,9/26/2017,6380.160156,3.62
1948,9/27/2017,6453.259766,3.57
1949,9/28/2017,6453.450195,3.57
1950,9/29/2017,6495.959961,3.54
1951,10/2/2017,6516.720215,3.55
1952,10/3/2017,6531.709961,3.55
1953,10/4/2017,6534.629883,3.54
1954,10/5/2017,6585.359863,3.52
1955,10/6/2017,6590.180176,3.52
1956,10/9/2017,6579.72998,3.51
1957,10/10/2017,6587.25,3.52
1958,10/11/2017,6603.549805,3.52
1959,10/12/2017,6591.509766,3.56
1960,10/13/2017,6605.799805,3.6
1961,10/16/2017,6624,3.53
1962,10/17/2017,6623.660156,3.5
1963,10/18/2017,6624.220215,3.46
1964,10/19/2017,6605.069824,3.48
1965,10/20/2017,6629.049805,3.42
1966,10/23/2017,6586.830078,3.4
1967,10/24/2017,6598.430176,3.38
1968,10/25/2017,6563.890137,3.42
1969,10/26/2017,6556.77002,3.41
1970,10/27/2017,6701.259766,3.44
1971,10/30/2017,6698.959961,3.49
1972,10/31/2017,6727.669922,3.51
1973,11/1/2017,6716.529785,3.48
1974,11/2/2017,6714.939941,3.52
1975,11/3/2017,6764.439941,3.52
1976,11/6/2017,6786.439941,3.55
1977,11/7/2017,6767.779785,3.57
1978,11/8/2017,6789.120117,3.67
1979,11/9/2017,6750.049805,3.79
1980,11/10/2017,6750.939941,3.76
1981,11/13/2017,6757.600098,3.77
1982,11/14/2017,6737.870117,3.84
1983,11/15/2017,6706.209961,3.97
1984,11/16/2017,6793.290039,3.79
1985,11/17/2017,6782.790039,3.76
1986,11/20/2017,6790.709961,3.7
1987,11/21/2017,6862.47998,3.66
1988,11/22/2017,6867.359863,3.7
1989,11/24/2017,6889.160156,3.67
1990,11/27/2017,6878.52002,3.66
1991,11/28/2017,6912.359863,3.67
1992,11/29/2017,6824.390137,3.64
1993,11/30/2017,6873.970215,3.61
1994,12/1/2017,6847.589844,3.63
1995,12/4/2017,6775.370117,3.58
1996,12/5/2017,6762.209961,3.57
1997,12/6/2017,6776.379883,3.63
1998,12/7/2017,6812.839844,3.63
1999,12/8/2017,6840.080078,3.63
2000,12/11/2017,6875.080078,3.61
2001,12/12/2017,6862.319824,3.58
2002,12/13/2017,6875.799805,3.64
2003,12/14/2017,6856.529785,3.63
2004,12/15/2017,6936.580078,3.64
2005,12/18/2017,6994.759766,3.64
2006,12/19/2017,6963.850098,3.6
2007,12/20/2017,6960.959961,3.58
2008,12/21/2017,6965.359863,3.57
2009,12/22/2017,6959.959961,3.56
2010,12/26/2017,6936.25,3.57
2011,12/27/2017,6939.339844,3.59
2012,12/28/2017,6950.160156,3.55
2013,12/29/2017,6903.390137,3.58
2014,1/2/2018,7006.899902,3.55
2015,1/3/2018,7065.529785,3.48
2016,1/4/2018,7077.910156,3.4
2017,1/5/2018,7136.560059,3.36
2018,1/8/2018,7157.390137,3.35
2019,1/9/2018,7163.580078,3.33
2020,1/10/2018,7153.569824,3.42
2021,1/11/2018,7211.779785,3.4
2022,1/12/2018,7261.060059,3.37
2023,1/16/2018,7223.689941,3.34
2024,1/17/2018,7298.279785,3.34
2025,1/18/2018,7296.049805,3.35
2026,1/19/2018,7336.379883,3.35
2027,1/22/2018,7408.029785,3.32
2028,1/23/2018,7460.290039,3.31
2029,1/24/2018,7415.060059,3.28
2030,1/25/2018,7411.160156,3.28
2031,1/26/2018,7505.77002,3.23
2032,1/29/2018,7466.509766,3.26
2033,1/30/2018,7402.47998,3.33
2034,1/31/2018,7411.47998,3.29
2035,2/1/2018,7385.859863,3.29
2036,2/2/2018,7240.950195,3.36
2037,2/5/2018,6967.529785,3.48
2038,2/6/2018,7115.879883,3.6
2039,2/7/2018,7051.97998,3.46
2040,2/8/2018,6777.160156,3.59
2041,2/9/2018,6874.490234,3.82
2042,2/12/2018,6981.959961,3.71
2043,2/13/2018,7013.509766,3.78
2044,2/14/2018,7143.620117,3.69
2045,2/15/2018,7256.430176,3.57
2046,2/16/2018,7239.470215,3.5
2047,2/20/2018,7234.310059,3.48
2048,2/21/2018,7218.22998,3.46
2049,2/22/2018,7210.089844,3.53
2050,2/23/2018,7337.390137,3.58
2051,2/26/2018,7421.459961,3.5
2052,2/27/2018,7330.350098,3.47
2053,2/28/2018,7273.009766,3.47
2054,3/1/2018,7180.560059,3.59
2055,3/2/2018,7257.870117,3.65
2056,3/5/2018,7330.709961,3.59
2057,3/6/2018,7372.009766,3.53
2058,3/7/2018,7396.649902,3.56
2059,3/8/2018,7427.950195,3.56
2060,3/9/2018,7560.810059,3.53
2061,3/12/2018,7588.319824,3.55
2062,3/13/2018,7511.009766,3.58
2063,3/14/2018,7496.810059,3.62
2064,3/15/2018,7481.740234,3.62
2065,3/16/2018,7481.990234,3.6
2066,3/19/2018,7344.240234,3.65
2067,3/20/2018,7364.299805,3.62
2068,3/21/2018,7345.290039,3.6
2069,3/22/2018,7166.680176,3.7
2070,3/23/2018,6992.669922,3.74
2071,3/26/2018,7220.540039,3.73
2072,3/27/2018,7008.810059,3.75
2073,3/28/2018,6949.22998,3.77
2074,3/29/2018,7063.450195,3.79
2075,4/2/2018,6870.120117,3.77
2076,4/3/2018,6941.279785,3.71
2077,4/4/2018,7042.109863,3.71
2078,4/5/2018,7076.549805,3.59
2079,4/6/2018,6915.109863,3.64
2080,4/9/2018,6950.339844,3.61
2081,4/10/2018,7094.299805,3.52
2082,4/11/2018,7069.029785,3.5
2083,4/12/2018,7140.25,3.42
2084,4/13/2018,7106.649902,3.38
2085,4/16/2018,7156.279785,3.33
2086,4/17/2018,7281.100098,3.29
2087,4/18/2018,7295.240234,3.24
2088,4/19/2018,7238.060059,3.33
2089,4/20/2018,7146.129883,3.33
2090,4/23/2018,7128.600098,3.36
2091,4/24/2018,7007.350098,3.41
2092,4/25/2018,7003.740234,3.47
2093,4/26/2018,7118.680176,3.43
2094,4/27/2018,7119.799805,3.44
2095,4/30/2018,7066.27002,3.46
2096,5/1/2018,7130.700195,3.47
2097,5/2/2018,7100.899902,3.45
2098,5/3/2018,7088.149902,3.5
2099,5/4/2018,7209.620117,3.49
2100,5/7/2018,7265.209961,3.46
2101,5/8/2018,7266.899902,3.46
2102,5/9/2018,7339.910156,3.43
2103,5/10/2018,7404.970215,3.41
2104,5/11/2018,7402.879883,3.4
2105,5/14/2018,7411.319824,3.37
2106,5/15/2018,7351.629883,3.36
2107,5/16/2018,7398.299805,3.37
2108,5/17/2018,7382.470215,3.36
2109,5/18/2018,7354.339844,3.41
2110,5/21/2018,7394.040039,3.4
2111,5/22/2018,7378.459961,3.39
2112,5/23/2018,7425.959961,3.48
2113,5/24/2018,7424.430176,3.49
2114,5/25/2018,7433.850098,3.53
2115,5/29/2018,7396.589844,3.75
2116,5/30/2018,7462.450195,3.64
2117,5/31/2018,7442.120117,3.63
2118,6/1/2018,7554.330078,3.55
2119,6/4/2018,7606.459961,3.49
2120,6/5/2018,7637.859863,3.5
2121,6/6/2018,7689.240234,3.44
2122,6/7/2018,7635.069824,3.44
2123,6/8/2018,7645.509766,3.45
2124,6/11/2018,7659.930176,3.39
2125,6/12/2018,7703.790039,3.38
2126,6/13/2018,7695.700195,3.33
2127,6/14/2018,7761.040039,3.31
2128,6/15/2018,7746.379883,3.33
2129,6/18/2018,7747.029785,3.34
2130,6/19/2018,7725.589844,3.4
2131,6/20/2018,7781.509766,3.34
2132,6/21/2018,7712.950195,3.39
2133,6/22/2018,7692.819824,3.39
2134,6/25/2018,7532.009766,3.47
2135,6/26/2018,7561.629883,3.48
2136,6/27/2018,7445.080078,3.56
2137,6/28/2018,7503.680176,3.64
2138,6/29/2018,7510.299805,3.61
2139,7/2/2018,7567.689941,3.78
2140,7/3/2018,7502.669922,3.77
2141,7/5/2018,7586.430176,3.74
2142,7/6/2018,7688.390137,3.74
2143,7/9/2018,7756.200195,3.65
2144,7/10/2018,7759.200195,3.59
2145,7/11/2018,7716.609863,3.66
2146,7/12/2018,7823.919922,3.61
2147,7/13/2018,7825.97998,3.62
2148,7/16/2018,7805.720215,3.59
2149,7/17/2018,7855.120117,3.58
2150,7/18/2018,7854.439941,3.56
2151,7/19/2018,7825.299805,3.59
2152,7/20/2018,7820.200195,3.55
2153,7/23/2018,7841.870117,3.5
2154,7/24/2018,7840.77002,3.47
2155,7/25/2018,7932.240234,3.48
2156,7/26/2018,7852.180176,3.42
2157,7/27/2018,7737.419922,3.42
2158,7/30/2018,7630,3.43
2159,7/31/2018,7671.790039,3.46
2160,8/1/2018,7707.290039,3.43
2161,8/2/2018,7802.689941,3.43
2162,8/3/2018,7812.009766,3.43
2163,8/6/2018,7859.680176,3.43
2164,8/7/2018,7883.660156,3.35
2165,8/8/2018,7888.330078,3.37
2166,8/9/2018,7891.779785,3.38
2167,8/10/2018,7839.109863,3.5
2168,8/13/2018,7819.709961,3.52
2169,8/14/2018,7870.890137,3.48
2170,8/15/2018,7774.120117,3.55
2171,8/16/2018,7806.52002,3.49
2172,8/17/2018,7816.330078,3.49
2173,8/20/2018,7821.009766,3.52
2174,8/21/2018,7859.169922,3.48
2175,8/22/2018,7889.100098,3.48
2176,8/23/2018,7878.459961,3.47
2177,8/24/2018,7945.97998,3.46
2178,8/27/2018,8017.899902,3.43
2179,8/28/2018,8030.040039,3.4
2180,8/29/2018,8109.689941,3.39
2181,8/30/2018,8088.359863,3.44
2182,8/31/2018,8109.540039,3.49
2183,9/4/2018,8091.25,3.46
2184,9/5/2018,7995.169922,3.49
2185,9/6/2018,7922.72998,3.52
2186,9/7/2018,7902.540039,3.48
2187,9/10/2018,7924.160156,3.46
2188,9/11/2018,7972.470215,3.4
2189,9/12/2018,7954.22998,3.38
2190,9/13/2018,8013.709961,3.35
2191,9/14/2018,8010.040039,3.29
2192,9/17/2018,7895.790039,3.29
2193,9/18/2018,7956.109863,3.24
2194,9/19/2018,7950.040039,3.24
2195,9/20/2018,8028.22998,3.25
2196,9/21/2018,7986.959961,3.25
2197,9/24/2018,7993.25,3.28
2198,9/25/2018,8007.470215,3.26
2199,9/26/2018,7990.370117,3.27
2200,9/27/2018,8041.970215,3.25
2201,9/28/2018,8046.350098,3.24
2202,10/1/2018,8037.299805,3.22
2203,10/2/2018,7999.549805,3.22
2204,10/3/2018,8025.089844,3.16
2205,10/4/2018,7879.509766,3.29
2206,10/5/2018,7788.450195,3.32
2207,10/8/2018,7735.950195,3.32
2208,10/9/2018,7738.02002,3.41
2209,10/10/2018,7422.049805,3.51
2210,10/11/2018,7329.060059,3.58
2211,10/12/2018,7496.890137,3.54
2212,10/15/2018,7430.740234,3.49
2213,10/16/2018,7645.490234,3.45
2214,10/17/2018,7642.700195,3.45
2215,10/18/2018,7485.140137,3.51
2216,10/19/2018,7449.029785,3.51
2217,10/22/2018,7468.629883,3.52
2218,10/23/2018,7437.540039,3.65
2219,10/24/2018,7108.399902,3.68
2220,10/25/2018,7318.339844,3.72
2221,10/26/2018,7167.209961,3.85
2222,10/29/2018,7050.290039,3.84
2223,10/30/2018,7161.649902,3.89
2224,10/31/2018,7305.899902,3.81
2225,11/1/2018,7434.060059,3.81
2226,11/2/2018,7356.990234,3.72
2227,11/5/2018,7328.850098,3.72
2228,11/6/2018,7375.959961,3.68
2229,11/7/2018,7570.75,3.6
2230,11/8/2018,7530.879883,3.57
2231,11/9/2018,7406.899902,3.71
2232,11/12/2018,7200.870117,3.71
2233,11/13/2018,7200.870117,3.89
2234,11/14/2018,7136.390137,3.99
2235,11/15/2018,7259.029785,4.11
2236,11/16/2018,7247.870117,4.18
2237,11/19/2018,7028.47998,4.25
2238,11/20/2018,6908.819824,4.33
2239,11/21/2018,6972.25,4.24
2240,11/23/2018,6938.97998,4.29
2241,11/26/2018,7081.850098,4.26
2242,11/27/2018,7082.700195,4.31
2243,11/28/2018,7291.589844,4.25
2244,11/29/2018,7273.080078,4.22
2245,11/30/2018,7330.540039,4.29
2246,12/3/2018,7441.509766,4.2
2247,12/4/2018,7158.430176,4.29
2248,12/6/2018,7188.259766,4.5
2249,12/7/2018,6969.25,4.5
2250,12/10/2018,7020.52002,4.56
2251,12/11/2018,7031.830078,4.48
2252,12/12/2018,7098.310059,4.4
2253,12/13/2018,7070.330078,4.39
2254,12/14/2018,6910.660156,4.46
2255,12/17/2018,6753.72998,4.58
2256,12/18/2018,6783.910156,4.72
2257,12/19/2018,6636.830078,4.84
2258,12/20/2018,6528.410156,5.11
2259,12/21/2018,6332.990234,5.22
2260,12/24/2018,6192.919922,5.35
2261,12/26/2018,6554.359863,5.37
2262,12/27/2018,6579.490234,5.38
2263,12/28/2018,6584.52002,5.3
2264,12/31/2018,6635.279785,5.33
2265,1/2/2019,6665.939941,5.35
2266,1/3/2019,6463.5,5.44
2267,1/4/2019,6738.859863,5.05
2268,1/7/2019,6823.470215,4.83
2269,1/8/2019,6897,4.65
2270,1/9/2019,6957.080078,4.52
2271,1/10/2019,6986.069824,4.54
2272,1/11/2019,6971.47998,4.55
2273,1/14/2019,6905.919922,4.6
2274,1/15/2019,7023.830078,4.55
2275,1/16/2019,7034.689941,4.44
2276,1/17/2019,7084.459961,4.4
2277,1/18/2019,7157.22998,4.27
2278,1/22/2019,7020.359863,4.41
2279,1/23/2019,7025.77002,4.39
2280,1/24/2019,7073.459961,4.45
2281,1/25/2019,7164.859863,4.34
2282,1/28/2019,7085.680176,4.41
2283,1/29/2019,7028.290039,4.4
2284,1/30/2019,7183.080078,4.36
2285,1/31/2019,7281.740234,4.37
2286,2/1/2019,7263.870117,4.29
2287,2/4/2019,7347.540039,4.25
2288,2/5/2019,7402.080078,4.15
2289,2/6/2019,7375.279785,4.13
2290,2/7/2019,7288.350098,4.29
2291,2/8/2019,7298.200195,4.32
2292,2/11/2019,7307.899902,4.28
2293,2/12/2019,7414.620117,4.17
2294,2/13/2019,7420.379883,4.12
2295,2/14/2019,7426.950195,4.17
2296,2/15/2019,7472.410156,4.12
2297,2/19/2019,7486.77002,4.11
2298,2/20/2019,7489.069824,4.08
2299,2/21/2019,7459.709961,4.04
2300,2/22/2019,7527.540039,4.05
2301,2/25/2019,7554.459961,4
2302,2/26/2019,7549.299805,4.01
2303,2/27/2019,7554.509766,3.94
2304,2/28/2019,7532.529785,3.92
2305,3/1/2019,7595.350098,3.86
2306,3/4/2019,7577.569824,3.9
2307,3/5/2019,7576.359863,3.91
2308,3/6/2019,7505.919922,3.98
2309,3/7/2019,7421.459961,4.1
2310,3/8/2019,7408.140137,4.18
2311,3/11/2019,7558.060059,4.12
2312,3/12/2019,7591.029785,4.08
2313,3/13/2019,7643.410156,3.99
2314,3/14/2019,7630.910156,3.95
2315,3/15/2019,7688.529785,3.95
2316,3/18/2019,7714.47998,3.95
2317,3/19/2019,7723.950195,3.91
2318,3/20/2019,7728.970215,3.97
2319,3/21/2019,7838.959961,3.92
2320,3/22/2019,7642.669922,4.03
2321,3/25/2019,7637.540039,4.13
2322,3/26/2019,7691.52002,4.09
2323,3/27/2019,7643.379883,4.09
2324,3/28/2019,7669.169922,4.08
2325,3/29/2019,7729.319824,3.99
2326,4/1/2019,7828.910156,3.94
2327,4/2/2019,7848.689941,3.95
2328,4/3/2019,7895.549805,3.9
2329,4/4/2019,7891.779785,3.9
2330,4/5/2019,7938.689941,3.86
2331,4/8/2019,7953.879883,3.84
2332,4/9/2019,7909.279785,3.86
2333,4/10/2019,7964.240234,3.86
2334,4/11/2019,7947.359863,3.79
2335,4/12/2019,7984.160156,3.68
2336,4/15/2019,7976.009766,3.68
2337,4/16/2019,8000.22998,3.64
2338,4/17/2019,7996.080078,3.67
2339,4/18/2019,7998.060059,3.73
2340,4/22/2019,8015.27002,3.73
2341,4/23/2019,8120.819824,3.72
2342,4/24/2019,8102.009766,3.73
2343,4/25/2019,8118.680176,3.75
2344,4/26/2019,8146.399902,3.76
2345,4/29/2019,8161.850098,3.73
2346,4/30/2019,8095.390137,3.73
2347,5/1/2019,8049.640137,3.71
2348,5/2/2019,8036.77002,3.74
2349,5/3/2019,8164,3.72
2350,5/6/2019,8123.290039,3.82
2351,5/7/2019,7963.759766,3.89
2352,5/8/2019,7943.319824,3.87
2353,5/9/2019,7910.589844,3.99
2354,5/10/2019,7916.939941,4.01
2355,5/13/2019,7647.02002,4.2
2356,5/14/2019,7734.490234,4.13
2357,5/15/2019,7822.149902,4.17
2358,5/16/2019,7898.049805,4.06
2359,5/17/2019,7816.279785,4.07
2360,5/20/2019,7702.379883,4.06
2361,5/21/2019,7785.720215,3.99
2362,5/22/2019,7750.839844,4.03
2363,5/23/2019,7628.279785,4.22
2364,5/24/2019,7637.009766,4.16
2365,5/28/2019,7607.350098,4.19
2366,5/29/2019,7547.310059,4.36
2367,5/30/2019,7567.720215,4.33
2368,5/31/2019,7453.149902,4.59
2369,6/3/2019,7333.02002,4.7
2370,6/4/2019,7527.120117,4.53
2371,6/5/2019,7575.47998,4.48
2372,6/6/2019,7615.549805,4.42
2373,6/7/2019,7742.100098,4.37
2374,6/10/2019,7823.169922,4.23
2375,6/11/2019,7822.569824,4.2
2376,6/12/2019,7792.720215,4.22
2377,6/13/2019,7837.129883,4.24
2378,6/14/2019,7796.660156,4.23
2379,6/17/2019,7845.02002,4.23
2380,6/18/2019,7953.879883,4.14
2381,6/19/2019,7987.319824,4.16
2382,6/20/2019,8051.339844,4.03
2383,6/21/2019,8031.709961,3.95
2384,6/24/2019,8005.700195,4
2385,6/25/2019,7884.720215,4.09
2386,6/26/2019,7909.970215,4.05
2387,6/27/2019,7967.759766,4.09
2388,6/28/2019,8006.240234,4.07
2389,7/1/2019,8091.160156,3.99
2390,7/2/2019,8109.089844,4.04
2391,7/3/2019,8170.22998,4.01
2392,7/5/2019,8161.790039,3.98
2393,7/8/2019,8098.379883,4
2394,7/9/2019,8141.72998,4.03
2395,7/10/2019,8202.530273,4.01
2396,7/11/2019,8196.040039,4
2397,7/12/2019,8244.139648,4.02
2398,7/15/2019,8258.19043,4
2399,7/16/2019,8222.799805,3.96
2400,7/17/2019,8185.209961,4.01
2401,7/18/2019,8207.240234,4.11
2402,7/19/2019,8146.490234,4.07
2403,7/22/2019,8204.139648,4.06
2404,7/23/2019,8251.400391,3.99
2405,7/24/2019,8321.5,3.98
2406,7/25/2019,8238.540039,3.93
2407,7/26/2019,8330.209961,3.89
2408,7/29/2019,8293.330078,3.93
2409,7/30/2019,8273.610352,3.97
2410,7/31/2019,8175.419922,3.93
2411,8/1/2019,8111.120117,4.1
2412,8/2/2019,8004.069824,4.19
2413,8/5/2019,7726.040039,4.53
2414,8/6/2019,7833.27002,4.46
2415,8/7/2019,7862.830078,4.52
2416,8/8/2019,8039.160156,4.31
2417,8/9/2019,7959.140137,4.31
2418,8/12/2019,7863.410156,4.4
2419,8/13/2019,8016.359863,4.25
2420,8/14/2019,7773.939941,4.49
2421,8/15/2019,7766.620117,4.52
2422,8/16/2019,7895.990234,4.47
2423,8/19/2019,8002.810059,4.36
2424,8/20/2019,7948.560059,4.35
2425,8/21/2019,8020.209961,4.21
2426,8/22/2019,7991.390137,4.16
2427,8/23/2019,7751.77002,4.25
2428,8/26/2019,7853.740234,4.22
2429,8/27/2019,7826.950195,4.19
2430,8/28/2019,7856.879883,4.17
2431,8/29/2019,7973.390137,4.08
2432,8/30/2019,7962.879883,4.09
2433,9/3/2019,7874.160156,4.23
2434,9/4/2019,7976.879883,4.23
2435,9/5/2019,8116.830078,4.07
2436,9/6/2019,8103.069824,4.05
2437,9/9/2019,8087.439941,3.99
2438,9/10/2019,8084.160156,3.9
2439,9/11/2019,8169.680176,3.92
2440,9/12/2019,8194.469727,3.85
2441,9/13/2019,8176.709961,3.83
2442,9/16/2019,8153.540039,3.8
2443,9/17/2019,8186.02002,3.81
2444,9/18/2019,8177.390137,3.82
2445,9/19/2019,8182.879883,3.77
2446,9/20/2019,8117.669922,3.81
2447,9/23/2019,8112.459961,3.84
2448,9/24/2019,7993.629883,3.9
2449,9/25/2019,8077.379883,3.91
2450,9/26/2019,8030.660156,3.95
2451,9/27/2019,7939.629883,3.99
2452,9/30/2019,7999.339844,4.02
2453,10/1/2019,7908.680176,4.08
2454,10/2/2019,7785.25,4.28
2455,10/3/2019,7872.259766,4.4
2456,10/4/2019,7982.470215,4.38
2457,10/7/2019,7956.290039,4.31
2458,10/8/2019,7823.779785,4.39
2459,10/9/2019,7903.740234,4.32
2460,10/10/2019,7950.779785,4.26
2461,10/11/2019,8057.040039,4.1
2462,10/14/2019,8048.649902,4.08
2463,10/15/2019,8148.709961,4.01
2464,10/16/2019,8124.180176,4.01
2465,10/17/2019,8156.850098,4
2466,10/18/2019,8089.540039,4.02
2467,10/21/2019,8162.990234,3.98
2468,10/22/2019,8104.299805,3.99
2469,10/23/2019,8119.790039,3.98
2470,10/24/2019,8185.799805,3.96
2471,10/25/2019,8243.120117,3.89
2472,10/28/2019,8325.990234,3.85
2473,10/29/2019,8276.849609,3.86
2474,10/30/2019,8303.980469,3.96
2475,10/31/2019,8292.360352,4.15
2476,11/1/2019,8386.400391,4.09
2477,11/4/2019,8433.200195,3.99
2478,11/5/2019,8434.679688,3.97
2479,11/6/2019,8410.629883,4.02
2480,11/7/2019,8434.519531,3.96
2481,11/8/2019,8475.30957,4
2482,11/11/2019,8464.280273,3.99
2483,11/12/2019,8486.089844,4
2484,11/13/2019,8482.099609,4.05
2485,11/14/2019,8479.019531,4.08
2486,11/15/2019,8540.830078,4.06
2487,11/18/2019,8549.94043,4.09
2488,11/19/2019,8570.660156,4.12
2489,11/20/2019,8526.730469,4.18
2490,11/21/2019,8506.209961,4.17
2491,11/22/2019,8519.879883,4.13
2492,11/25/2019,8632.490234,4.08
2493,11/26/2019,8647.929688,4.05
2494,11/27/2019,8705.179688,3.99
2495,11/29/2019,8665.469727,4.01
2496,12/2/2019,8567.990234,4.03
2497,12/3/2019,8520.639648,4.14
2498,12/4/2019,8566.669922,4.02
2499,12/5/2019,8570.700195,4
2500,12/6/2019,8656.530273,3.89
2501,12/9/2019,8621.830078,3.88
2502,12/10/2019,8616.179688,3.84
2503,12/11/2019,8654.049805,3.83
2504,12/12/2019,8717.320313,3.7
2505,12/13/2019,8734.879883,3.71
2506,12/16/2019,8814.230469,3.62
2507,12/17/2019,8823.360352,3.58
2508,12/18/2019,8827.740234,3.51
2509,12/19/2019,8887.219727,3.54
2510,12/20/2019,8924.959961,3.53
2511,12/23/2019,8945.650391,3.52
2512,12/24/2019,8952.879883,3.53
2513,12/26/2019,9022.389648,3.53
2514,12/27/2019,9006.620117,3.56
2515,12/30/2019,8945.990234,3.6
